PCA_Component_1,PCA_Component_2,PCA_Component_3
0.2216832311516164,-0.251485574587311,-0.6432144066090268
5.115431565908983,0.9326435409521523,0.9399668355953039
-2.736830327556337,-0.5183496354202508,-0.5414058784677125
-0.8656526821665774,0.5570816828994863,2.2293055922138447
-3.219649117624107,-0.021619057440306833,-0.03450684555024657
-1.1748267332525493,-0.4629503136756711,0.21651143385630953
10.30596554252329,2.975812176295045,0.16928388996763433
1.459397177368505,0.35621610261292264,0.36427049376096676
0.8420425853858556,-0.20797242360905582,-0.4994542814684054
1.9308941062035152,-0.6812229134824366,-1.6894981727243434
-6.93467872835369,-4.03114040988376,-5.795032233066042
-9.436400473881218,-1.9216810718714195,1.8693290572323427
8.173594055364436,0.5857007914643441,-1.9655936118361998
2.1433288030749758,-0.652624829210778,-2.6778744405103323
-1.064377989954607,-0.7952418858091257,-2.025587186673488
3.6793745683388273,0.14450738996577764,-0.8880798611899815
-0.6343406025404088,0.7908226616748284,0.09617034761336424
0.18658397659949388,-0.05999050585359159,0.7064212052568438
-1.180527866778017,-0.15201843826886693,0.2967754115216317
14.114316496124902,4.78795242299434,5.330825063098845
3.090714153422951,0.004551867186437179,-0.3017560777030575
1.2358930286068486,-0.7419847907859549,-1.1139147663054745
-5.929285932107205,-0.22057251439667605,0.565515936266798
6.607010419840329,0.2837476112656166,-3.2268187153800705
1.9248404329005726,0.11303612549620708,0.9755076379823289
2.2626236708544827,-0.1136692713492469,-0.9794220608672248
0.380967067338616,-1.084812862296633,-2.143161433669876
-5.933883090209515,-2.874653154937972,-0.8801806312299552
2.7819992184204603,1.2165225651540592,2.2449975017025423
2.3999980718295837,-0.4750284897196715,-2.1260826500397716
-7.945044577249349,-5.666087225554311,-19.918802161440844
2.0264078353626847,-0.7099755507030782,-3.1495208495308233
-1.3977786680293003,0.6157434569306179,0.35267674169854746
-15.40799831027704,-11.15062952230671,4.326215019867816
-3.2626875084854645,-1.1891495774872567,-0.36752330788986876
0.5997842103760954,-0.4097372266450506,0.3066344227938395
-1.566974323391415,0.055370884814007336,3.1900253539490238
-1.574089236945059,-1.1642161606747876,-1.919266439969475
-10.291187377077943,-6.895682150692662,5.881292235454454
0.17607244363317126,-0.6268161791163136,-2.1498933521428834
5.547431803374622,0.9702658724184448,0.39393824394323124
0.8406153924459888,0.4557278546740905,0.7852281887990411
-4.505157694048151,-0.4170672025863139,0.22413841551818178
4.139350618110341,0.9461142051926266,2.24856905026979
-4.327102520372292,0.3597702531168875,4.331521114418121
0.3636306259431028,0.28496287659425984,0.17190546938901763
1.308871224080608,-0.36388130710237676,0.4724843647739583
-0.49180931027942554,-0.17960638990953887,0.31319518649489514
-2.303306769342713,-0.4190335016426059,-0.3685402644276179
3.568701531433515,0.662660095752258,-0.9357598465943507
-1.6973652491757485,-0.39343169621578755,0.08203864975588221
0.10407824188607863,1.579084154558276,3.8125247227300676
-2.454546763514337,0.11524583307157694,-0.8006107380510158
-0.5169046250862073,-0.9472504758173761,0.6857261886904119
-3.162449311612417,-1.1998559175603947,-0.46616089860741455
-1.2361736455954497,-1.0212419473429581,0.17193031319284688
1.0267197038212954,-0.7041344956732729,-0.30354467391729734
4.941833651135473,0.7266754453446832,0.31796790900776517
-6.1137303340393805,-2.5835353306117543,-2.19022900645635
3.193755841212669,0.12604268512577713,0.9994846969643076
1.4355770809359756,-0.49603353370368847,-1.5189865408901113
-2.2019868778369562,-0.9965513743927168,-1.230606548363412
-2.0907513108593956,-0.8231837381222404,-2.2585707445836856
2.6715062316229194,-0.5813107465093116,-1.6449726218798415
0.05341933906027721,-0.6786504913870645,-1.821187972506636
4.7177201578866175,1.1424833295899623,1.1925918812889644
2.2629279992213602,0.6287396242331967,2.0543068517093706
-1.8418344395747388,-0.12643143407375693,0.4976790565169304
0.8870023724207374,0.1120043328053218,0.5779400941881391
-1.4042599274676804,-0.5113004027570345,-0.7342160451764751
-2.588121993175357,-0.5821866516472299,0.323935079995767
-9.479243201290922,-5.861032860667524,2.2869237886391502
1.0736857079541728,-0.882394438281232,-2.5328933022545064
-0.970777827963525,-0.036399724746994606,-0.26792245295063377
-3.981643660072517,0.40916545009490857,1.0579070870626093
1.7318144821739074,0.44982847487013994,0.7634557269137497
4.229682189279976,1.1558673490211602,0.7993373844920061
-1.3762701842531389,0.9212387749777234,3.686089318134698
0.6165490487846265,0.18827360555273534,0.9736405312876214
3.808228122552991,0.3425633332883131,-2.1429961075980812
0.01815537969185046,0.418419302816791,1.9098939356535931
-5.619841895076641,-0.8174092180962454,-1.5744077731243045
-1.2699737805510825,0.12994919066989427,2.0032605070321865
3.298322961899467,0.1712386104516447,1.1856441113792169
2.6739890574865264,-3.9338645328642428,-9.049501251157125
0.5490607802162775,-0.4419868702869574,-0.4578007251874539
0.65541595844342,-0.414485580631922,-0.03903150808322736
-1.4986745863155138,0.05926344639915016,1.2925184954590756
-8.230005356856207,1.5217111585285874,-0.6494961806504447
1.371880929362672,1.0006270722135968,2.680064537026871
-3.7327076898859666,0.7409493327625492,2.5433346271847497
0.23101192747779942,-0.9621436492916582,0.018735713950439735
-0.6985086121379777,-1.0000654381638754,-1.3423613765666715
2.8150702541140715,0.04029210946809073,-1.1236058877776558
-6.778274808992726,-2.608753323722919,-1.4343768386719296
1.0410762641997096,-0.530459917502398,-0.8970360601084739
2.581359333971616,1.3894792795653805,3.39943128693039
1.1705229159013886,0.5181075682389672,1.155773840376906
1.0011679721081577,0.1845196262937216,1.6153758010061425
-1.627958660050125,0.3592184650251888,3.1804058373499458
0.5113966071563488,0.6322156901727326,1.116739888481609
2.8494068005677553,1.7355427856150205,4.424813949805498
-0.7551954746791525,-0.9267412802521584,-0.5437130060539651
1.647442710462466,0.3485786869790733,-0.2792807727717354
-5.587268944936445,-1.2129244536499775,2.0389167877112473
3.1476034986675754,-0.27008488018741533,-2.4464456538704846
-0.6887603603402217,0.1445486158778952,1.0266506095979422
1.731076827584611,-0.7459213613425847,-0.6649430645574343
0.4364774145613185,-1.6752347720502008,-2.8164104071979588
0.4492931610504646,0.2956008351937017,0.5933601688592496
4.029246438948381,0.49302837001104677,-0.11424941036501515
2.49152928662876,0.1892265675566644,-1.3149527206182694
4.186975482326207,0.08709780491087236,-3.4145727154875756
-8.35645384525918,4.795202025237766,-0.4704308619220832
-3.339575951995427,-0.12037526899631183,1.2571205706309005
0.4154941850110952,1.389033704082817,5.752304343118594
-3.8490060998206164,-0.1836331708286192,-0.16885532287280222
-4.412830092962834,-1.564182258431554,-0.20310442598884237
-1.994943810994963,-1.728495126797101,-1.0473654411623452
-6.644913681314209,-1.527068747447833,-0.044491289054355974
1.4265032128682156,-0.35280581524669663,-0.6856487629206524
-0.3581477416421025,0.580486151141168,0.1569367947886388
0.1691759168899817,0.6787467523711089,1.0862123651607343
2.1758422262715933,-0.5185072209148618,-0.8854957078421986
-3.6069327229432413,-2.149329609870327,-1.9818019196714705
1.468531378064334,0.815576807678531,2.086962958506948
1.8748364260103052,-0.7128577954567608,-1.3839928300079947
-6.6729793865062454,-1.0635854966521885,2.577643390764085
-0.9593101934727036,0.06625385908835188,-1.0171294168705867
1.1722389426751778,-0.9993291842141868,-2.2372523302622276
-0.8550606461004496,1.1465208226950878,4.62415587766402
5.256906243211506,0.7727444462494818,0.11311488488621016
-1.1013923733475794,-0.34177293998701,-1.414079423194924
1.9734657432239986,1.2496118128031426,3.2387289948814297
2.639749692927425,0.08534908448382592,-1.3373424822785176
0.45059256400080355,-0.42859005669857353,-0.647370527166933
1.3941912599423278,-0.4092675750834734,-1.1163235804314877
1.8083998563952246,-0.9387690613415978,-1.0839466640740152
0.9773975424300729,-0.444095990474847,-1.7359530393728626
-16.241004971039086,25.917043982779894,-7.982471167847458
-4.052108366264691,-1.0011568839410487,-1.7740165814530084
-3.1025728083079764,-0.14080260262207664,1.5126748053789119
-5.537041768930894,-0.5277213842963292,0.11049251423576574
-0.1515904880549382,0.007530624856798945,0.7627521345063041
1.180240671783488,0.31108211883895276,1.8092646096695897
-4.332369961207422,-0.4391474775152244,2.315477992979415
-2.0869537458327114,1.0364512437650082,2.4509048956593396
3.458226222689034,-0.23925385167863228,-1.1045343847673887
0.35329356716866206,-0.2126931953633781,0.09148042553873145
-16.724722040930125,-4.365251374967752,0.30499278381437944
-1.2127711808019521,-0.06261654905024683,1.546388821231893
-4.296191949698358,-1.3172901093064353,-0.13614914293510402
-0.8953722440225518,-0.12779275267939197,1.5114451091226968
3.058123192430543,-0.7352205099236443,-1.3649443505495638
-0.6451417189803109,-0.7238541119878795,-1.3667172697153191
5.271066075390246,0.36339803330088355,-0.2721800174274085
-1.3759169328472158,-0.4958235917215618,-0.22410399778547743
4.153686026233724,0.44387525709393905,-1.8056384863037884
-12.760802663262586,-1.7821754459478742,3.1105610697933317
-1.1789221446340217,-0.3160289458467394,-0.1966712547781054
-2.1525464235317107,-0.4836486885079944,-1.3405278242347747
-0.28243432428166243,1.3110887010517065,4.531462379567131
1.1392374249007844,-0.08819237559935235,0.3069737260444545
-3.505872953866584,0.196241383004863,-0.5413704043542269
-8.703393732873655,1.811107295661077,0.3752651850340351
0.7987686419359461,-0.4363546973406716,-1.2107290181192167
-1.4152759198281,-0.3408757705903099,0.7559542893933625
2.795747190900124,0.05338825637664968,-1.4549343473607803
-1.3013427778982982,-1.287939393196434,-1.9998324032246708
-0.4091253528312956,1.2504273202165241,3.8801718945171215
-0.010544739623739486,0.07980680563946216,-0.5986619901572495
-6.755504986778187,-1.3765193886915588,1.5280715129255236
3.8915879844798824,1.0550010577773459,2.588936093963744
-5.04234395196667,1.2793470987091642,1.2961432217309756
-1.9508937635499926,-0.4780592690441208,-1.0935777941538012
-2.285407074067271,-0.6759182032564893,-2.012114007016797
0.5370528944047678,-0.3611145231029071,-1.2862451301633206
-1.109877842792072,-0.9764983845818178,-0.39796927879565824
0.8181298867237657,-0.6809548038329458,-0.6751173997417761
-2.1197304185840524,-1.717452928912259,-1.8525666788170942
-4.7868390776871355,0.26213794633032717,1.5452299145385224
-5.143916647247283,-1.0600484791119085,-0.3067286618258903
0.7138113118624445,-0.18698539147693805,0.40800634570717254
1.5948792161415357,-0.26785760180010854,-2.230446812309762
3.451011176599585,-0.08150867600556705,-2.078684033500466
-3.8329218393591247,-0.8058101829051878,0.6810301309400532
-0.5334229620548904,0.5644623607246679,0.503718300912096
1.0514736405072456,-0.7668877749942359,-1.6874124756674491
-6.00710251300113,-0.08303787647190465,-1.0473460249077877
3.577195888383517,1.4593767761206264,2.5415281948118627
1.5964747665383137,-0.5741998214536917,-1.208176082461906
-9.885014050218988,-0.9996516433172875,-0.3423053245690951
0.40379699817863024,-0.635578605547676,-0.8055297688736593
18.078635813483924,4.993939707014306,1.9741410857589552
-0.6346301256841779,-0.012742642879546512,0.2606614871604318
-6.837918143593554,-3.8301422430128165,-3.888644693856115
-0.7415623291939083,-0.7474184223197172,-2.0779488874219254
0.1410194724180078,1.1490221677710115,3.6340563828042947
4.499946179339346,0.7197178941317443,-0.433032542756475
-3.7050033030512095,0.00940569473770579,1.3880989655571105
1.5129986803788107,0.771490588688694,0.0411668549814508
3.3024019799285598,0.19383095490924224,0.03971959071967932
0.13460702241298494,0.1765166817236242,1.3842143148907322
6.571750628735161,0.5532382147047376,-2.397034000757849
-4.049554766152253,-5.023575608618998,-2.823827652733368
1.951125259051478,-0.09577305466629377,0.15990442961843299
1.967384683946394,0.5015819159168142,0.4474126310230728
-2.881991096679965,0.7406801510682421,2.1304592838489045
3.7435591939758828,0.026608454552462253,0.35745750305029234
-3.125384919288192,1.3253332603043726,1.7184231301459976
-5.585170034810187,-1.5087372632211529,-1.373805017181474
4.938465053465211,0.8272307200103745,0.5697408264090795
6.86376769700573,1.3537908917463184,0.9164310880031519
-0.9257957601535767,-0.39234730236031834,-0.24414210196427316
3.3348463997827626,0.18872899100810925,-0.28694311488049523
-0.6076591133714699,-0.9646769948199236,-2.3563161136819244
-1.2180188424755185,-1.3309033202128653,-2.7737918744465513
1.852384751073282,2.329650940676736,1.191092505227551
0.5247197952402956,-0.30697208816356664,0.530117339319258
-0.3009460889939436,0.03921382522599563,-0.5508562082323414
-2.7303663616452853,0.03926859109666907,0.6799207408014498
0.5930280852485205,-0.2405760119321655,0.6135407910985002
-15.852099465941482,20.34200500319105,-2.5160577730480704
-0.3796862538269512,-0.9242300585043798,-1.4759680825226131
5.546294251460474,0.5344285087681411,-1.6149404072395785
3.3743983316444446,0.6175496819310778,1.5902138283684895
-1.1735269353693194,0.7599578250524258,3.722663368268088
-6.899484205567055,-2.202239930186191,-19.06350060795399
-5.832758010256707,-1.4833641095762908,-0.5686231558261822
1.0339941024215087,-0.7445402009071209,-0.607095924506183
0.3254689870611417,-0.6860076823232599,-1.3521139960397268
-4.421003538466862,0.15072585024708338,2.001926257790249
-1.3300013201776035,-0.5123992603145648,-1.4744054073351267
-2.3613941041816133,-0.319043081080897,-1.2064555634013265
-2.0506101073805856,0.7742530010747024,1.8291864625896321
1.0410711643063222,-0.8214096310325253,-0.6098155615515709
-3.0919027485298836,0.7808904292963034,0.9190695447454524
1.2919794589902398,-0.611715229436104,-1.745371399963788
-10.885827971619321,-5.282019999479934,-2.785682543549792
-0.6360199861415151,-0.6399399757049693,-0.1545377659996615
-0.8403208796338655,1.2111622230866488,3.0193036363032526
-0.966313157527624,-0.6801871939213612,-0.5447903269765402
-1.838217755607116,-0.23571361649382663,-0.48173039860923056
-1.9354321709078965,-0.524038626998812,-0.4587393300022985
-1.7681121646720035,-0.14154012905833452,2.138743519493671
2.500705512740792,-0.3520356966614837,-1.4589167900686322
10.04698841252641,2.894598412076616,-0.16625436261496457
-0.557101834373445,-1.0916297086552424,-0.7374020010821976
-2.6504120277524508,-2.1248738811054815,-1.6779698606946312
1.7344703212272061,-0.40572665659067164,0.7947615997530533
-4.430587179393842,0.5829208702938323,4.0123723532146895
2.7800996338768798,0.5153108842045909,0.5812108673537855
-5.948565284995266,2.1187404788885127,7.097048632766347
-6.313915003148038,-1.3956473905005928,-0.4704156735833748
-1.530866333076714,-0.5547055346036646,-0.7983267768133486
-4.781463230107219,-0.35337540723652294,-0.15771689311933615
2.937990966146092,-0.2015296288840152,-0.5761647567236539
-0.28934540412178394,-1.1393835672541706,-1.45217760040175
2.7429207455096645,-0.17371628274610929,-2.217255908109402
-5.350525103161155,2.6652618342630174,1.248895992013615
-0.6431061268391934,-0.9147729026539071,-0.11797177365754835
4.798883684501906,1.6013821960154775,2.4534941830476593
1.7208619765634818,-0.6443687306776137,-0.8152929338836852
3.4959717231233687,-0.2374752382103117,-1.5290256176142134
3.370533811681359,-2.1821298015540016,-2.5573192851486013
-1.7840351705474298,0.6830986747769953,1.6941254295011814
1.6033699852468268,1.661489968995815,2.130278467207447
2.317730910820122,-0.33224891339755336,-1.1724142712806256
1.9826548560898056,-1.5491120706541124,-4.117807566583578
1.163559473044457,-0.4768648234931232,0.5133607842495977
-12.043465765470456,4.64211591143404,-0.18922385409623416
2.161271164661273,-0.6554222359871252,-1.7430727139545237
-4.324786186313311,-0.09042560407953663,0.05746806626178335
3.230957246886418,-0.13612137009442318,0.10093516939484
-6.883997199557949,-1.401283503116478,1.3164367812548325
0.12011558584594137,-0.571804333329837,-2.210018954259656
3.5504399252218963,0.012359373378844116,-0.9376395834599335
-1.3963610336533894,-0.5067090948060882,-0.11320419633586017
2.1008561642148535,2.397907879881456,1.274055697773072
0.8375297858278272,-0.5140449369444723,-2.273563634206916
1.718428476236719,-0.6063268085819641,-1.6447604318758309
1.6651942817564045,0.7610272163953792,1.3263725857587358
0.5691854982417169,-0.6301851159876908,0.07620768252424488
1.843567826555647,-0.8710859840899906,-0.9239344810768256
0.07158696644046278,-0.606373291495605,-0.011725660653056138
2.663476603814167,-0.13979457643619228,0.8211340513062222
1.2160635297137719,-0.10058066277642251,0.24968007552883417
-5.6687154092631085,2.399403226353916,-3.967783834678515
-0.9941915001463953,0.14473259175784675,0.15978239511516854
2.9660414083704296,0.14280153894796743,-0.2439381033156418
0.20377346693584658,-1.3359061647832153,-2.2599115124477778
-3.099476760884006,-0.9356573765251829,-0.6433966890105406
0.6022446157116945,-0.21411394594135857,-0.28761349209068154
7.449631153835572,1.9139936384634506,-0.8553125010341456
2.3673524427448114,0.20927722378651228,-0.0028305052310825898
8.570549935324236,1.36913934132472,0.10442640031190556
-0.6701366019386061,0.38323954357456225,2.9570540725989805
-10.80391730745317,-1.2165913821864844,1.9671530659336134
-2.117277767040999,0.3965973653242172,1.9160089104224238
14.239522101121294,3.0992629513604917,-1.1494729477245176
-1.7891931828584982,-0.035334881814202565,0.028696435657274852
-9.906548429536548,-1.792195854448593,3.2193913622566996
7.717954807188038,1.914406262884643,1.9954529197398108
-2.7949618595326404,-0.21511893554631364,1.6323595283272512
-4.986131791775917,-0.5630953752029484,0.287098167068719
3.4571184118182487,0.6699718948249453,1.165198410792468
-5.169826873653334,-2.02572191364812,0.5403302550650708
3.607438079942385,1.1241034566653187,1.4554680233064334
5.144508733132054,0.8913471178883765,0.9937643008179139
1.3314144442575306,-0.620478541204561,-1.069516885435962
2.5635664855463753,0.35402328239458325,1.4699629450789629
2.212574032110621,0.32841659262719897,0.7655345039051846
5.050712723547069,0.3330514047790993,-1.4442895865543017
-2.899113000169856,-1.08361022568285,-1.1736503899480342
-1.7390439067462142,-0.2336056008480164,0.10159979603581382
6.863920252277746,0.12435650606735808,-1.7921927036147713
2.0155521830005316,0.47531439606192216,1.5882935911810128
-3.395771528629448,0.19447133559672528,-0.2760735766313759
0.8722635640665798,0.5498302349149499,3.051806947133002
2.025826061185544,2.511052416550058,7.131229481607166
-2.6670111380742636,-0.8102034453393164,-0.3792417787514743
5.9320998256784385,1.0153528951823965,0.06192155617601
1.1721027932883212,-0.5227583767831816,-0.5414634476351252
-4.815072949731475,-2.032831912378767,-1.6717835174085456
-1.4612923356695462,-0.428289408233032,0.02943489995391754
0.4812522291021078,0.3829480411011275,1.2710222455119544
5.830222061433044,2.1267599464126166,2.796486039665893
-0.00820044569274733,-0.8242729443541319,-1.1024343920667674
7.132748818616815,0.5847397545949455,-1.9390268415888496
2.0229151345152627,1.1049096384829777,3.7166923822905185
-2.6110183620462477,-0.7661867954409257,-0.701054588710088
1.633656649359162,1.9704778520021695,5.693265129338404
6.86950082551942,1.4369588185732873,1.4719953860267108
0.09383934741244813,0.3595338192180951,0.817103504707228
-0.18823140780361947,-0.24002324684459136,1.158238885946321
-3.1338668358390445,-0.700265936853834,-0.28978145063415106
-1.271253083705082,-0.5112606459588859,-1.3710170987292665
3.571133522812783,0.37430040275228565,-0.8277286942949751
-2.4584087657193505,-0.4163643424662018,-0.39292363296994964
3.0911075857769306,-0.4733810011425265,-1.776623617773287
1.2206730947221407,0.7554147451580753,0.8693135049604794
-4.542708715021559,-0.8120736266085382,-0.5609753775425109
-2.339415583698349,-0.9276924461293409,-0.3892049925953275
2.5143431272645844,-1.230986066656766,-2.7256198234162086
2.737007158108876,1.6890869647726832,3.054962770781997
3.1900521868944858,-0.5594545035815784,-1.9388529073866714
-2.166616057274656,0.01812449928308342,1.8396804513261735
-3.0584951335477295,-1.1464754212578432,-0.9339163802361986
6.521928085556748,1.7516618159176345,2.840949350918975
1.1390047197608315,0.11962659701711649,-0.37794215942217985
-3.905517664593685,-1.2219341824685022,-0.8934833150316748
7.474543513399229,1.1264493988599757,-0.6998193396615219
4.644734073237042,0.6907226069819357,0.898182604774039
4.557438224357511,0.8338565976717096,0.18563568258715887
0.004061267154639053,-0.25349638555983317,-0.25519897560680505
3.600049104806147,1.2708609755984823,3.423456713698014
1.149867450577611,-0.6185102511057595,-2.7289305262726296
7.017563742655401,0.0002564883122514326,-3.270112417880837
1.0826412187576475,0.49876956170009384,1.2668206194672111
-2.7317291363869955,-0.6477531325279474,-0.11737133213063883
0.7326986886944317,-0.9865434902045634,-1.6927316950301194
2.1551133150954747,0.6784124744496609,0.7806770048976024
-2.7185322113698813,-0.7842963641679619,0.2588877104588771
4.757927586883719,0.9694297089910315,1.5122643005318688
-0.07121825919643764,0.6134523151703947,1.579513807802631
1.3023856728322125,-0.7681361780286271,-0.7803132357370229
3.166995675207122,-0.23640178176001217,-1.1023558513303553
3.062584016083374,0.030745255339136475,0.5558852415427005
-1.1834429980393364,-0.18150618986952774,-0.4973073002718963
-1.2819844803615157,-1.4245679691196496,0.21396794099085653
3.0595149957941494,0.5505336828788326,0.3280247680994988
-0.9879480254818424,1.0889673940721514,3.964290739641435
0.7055280456763038,-0.07710407216832499,0.2439304271506863
4.6812512801478015,-0.4180156295381194,-2.806165880360248
1.2197594823925086,-1.030818351783938,-1.6355432637223724
4.29107560374707,0.5227355490077775,0.10134522285164367
-0.40647168710736736,0.16065780900848886,-0.3589538986300275
0.5309289541490035,-0.7726725907947711,-0.954641665175457
-3.5503561650479782,-0.40756334585313697,-0.2606491602473121
1.6471028179181,0.14893302943558995,0.26713176998744165
-2.68400130208011,0.34573102870226524,1.3311193823609047
-0.03523551395548549,0.661883692397411,1.7198747443439935
-5.889515089371205,0.8562780504067196,2.289438648420458
0.7790100245627523,0.9505404817944284,2.323568025155515
-1.310667570273483,-0.2593584684691401,-0.7796515696418491
5.278367046327674,0.9134475229500116,0.7091436409850178
1.9478082283964684,1.0958916367799691,2.6725822553730456
-2.356104634351107,-0.2644567217071026,-1.4221650117125846
-1.5965061267812213,-1.7897155627466257,-2.749262121966768
-0.3128308330813641,-0.008231020129879578,0.4474621250067884
-0.1245826774024909,-0.14308741173169814,1.1888399783261083
10.25325754947256,2.3372711740726873,1.1819571329585359
0.23977792347673338,-0.30845398617376074,-0.3637988974522104
1.9772862162548257,1.585283191128786,2.8529969387465877
-0.8190273593384314,-0.6883858537029119,-2.4695022923342527
-0.9089741057004651,-0.15650683174206753,0.264335175597824
-4.145700119669722,-0.20863508384911847,2.1888403279646402
2.613869606223842,0.9357709192524092,0.19973799417414906
-0.5724151244388234,0.08298781039439804,-0.20942089615216836
4.612541990545071,0.840087984360242,1.4678794385066183
3.227573979244616,0.1367954270675234,0.12010540055449134
0.2786266103469425,-0.0437734659223143,0.10733476951050526
-4.635580374738062,0.3899308870852347,0.9636506569897504
0.7305553787726982,-0.12533499412374668,-0.774816976614974
0.1660650036706087,1.5174294537201294,5.642858455566805
1.5268949141484431,-0.5651052432378754,-0.41730461291873056
2.890701150294522,1.3077967850222008,2.17138999334688
-2.742358498711519,-0.16452150621546,-1.0579520160080875
4.107355470932562,0.33847176844843024,-0.037512054125159684
-3.9259085134102936,-0.16116575497252147,1.0859280130677242
1.9837755557386905,-0.12173412439494194,-0.49433181206388555
-2.7591843728427943,-1.0467259849436503,-1.5167682853798643
2.3640616741843603,0.24094062114290796,1.1939379377503205
4.920501784891862,-1.0590453415689314,-4.387931436129762
-0.056555784728599824,-0.8867466703532978,-0.8744751529769731
1.4348524688895072,-0.16875111952568758,-1.3193851760560322
-2.2686607494593667,-0.41840120385937996,-0.5392774406852221
-2.1443348372042883,-0.8856226636682111,0.04761975013137882
3.0004562528130334,0.14026579485528215,-0.219050630630862
0.10608804512729096,0.9973829250501608,2.2140383416911846
1.4668172683511846,-2.7041357649139623,-6.394960291587671
-1.591913585311679,-0.31757995410306067,0.1330721024301007
3.027484566003067,-0.0786548940121382,-1.6447108745370609
6.332791770133208,1.4137517381214897,1.1711557899114862
3.1526383766831176,1.0803695185654238,2.2150719573355233
-1.974196447152971,1.9628409077478834,-1.5889376941284574
-7.706416518229199,-3.506842227256669,-1.835572479520699
0.6895228913286623,-0.2689009306216968,-1.2527346041328327
1.7666417218240917,1.060783252666879,2.926773254124562
1.4910513740728402,-0.8079507157865231,-3.452050680981696
0.05775268328934968,0.5121395360906724,-0.5820847711144268
-0.36289442325343946,1.6509732362269298,2.465059321839821
-0.273036669380411,-0.5167327819181489,-1.9308313654520193
0.30175506468613905,0.4311876317401477,0.6117749599976158
-0.1437441498047622,-0.7723220214369649,-2.5851381904878727
-3.3323639738555024,0.359661274111937,0.6702454848670049
0.5485027548242145,-0.6624809716675416,-0.11957514843222593
1.7083989813097067,-0.4067010712623172,-1.8396813135876238
-20.451328007694787,44.22761196836569,-6.788233974308741
-2.8101782282607086,-0.7629956505445695,0.3456954888968719
1.7584949429531467,0.6139598057767252,2.3542488161088104
5.672067618973639,0.6335102452857382,-0.5135026507892991
1.4505073789782112,0.8651703904799296,2.736610197698487
4.075013306356162,-0.571670017761164,-2.6380372208261975
-4.597203416942539,-1.4005692842827735,-1.865222008943484
0.212947688679972,-0.9878424648233741,-1.5418897870577124
0.6974318364253842,0.1530691498588817,1.3001156209037712
3.6298556020372326,1.448753379893173,2.986251835739232
2.8615386387682813,-0.12288632614665414,-1.8850789907426049
-1.176603523423515,-0.8366218807751618,-0.7828070232778445
11.437703119839307,1.7068752769126028,-1.326144918502401
1.4039670672510525,-0.26801045350286695,-0.39271602152193646
-1.4229498945807673,0.09820513337292952,1.9251393092599578
0.31156317546462564,-0.3604055477984282,-0.3348308349113764
1.4360822548071857,-0.45912871450407433,-1.2451108045409112
-1.5100255596609717,-0.3816915731521567,-0.19812723945120508
-3.415534954250119,-17.35744624888549,9.279038591632748
-2.4845190577064242,-0.5413055019911047,-0.9748108676504268
-2.6720415709503667,-0.5650111592026402,0.6477863211446451
-6.217017826014967,-3.058807658806856,-0.7897074578388006
1.8410986952455568,-0.5168951410879216,-0.2290159115968773
2.2486868040738632,0.40627970727794416,1.4345259222099715
1.1563338129708771,0.03716801182712298,0.5300138091193981
-3.046789511524832,0.09844381218471142,0.6620692809851757
1.6919380005186375,-0.6830493389509554,-1.675302287044847
-2.5654884492116827,-1.6009569571468494,0.709723977582671
2.4590955311386904,-0.16148718912330437,0.5299917776586357
-0.0992627570323084,0.11765633333365182,0.3492280748583044
3.0832293892427862,1.4560396157598707,3.520624339659219
2.2788896929419757,0.8761356452841798,1.9134041837162503
-3.3938868168692786,0.01959683338144215,1.2321742425269506
5.626680685071418,1.2986558781371615,2.0684420040835776
3.476412263299569,0.21925230294061865,-0.6388992103071033
1.9866465155841302,-0.005075628617462799,-0.148351219461718
0.5232918526489646,-0.06812323116849882,1.2389314091522803
0.21546373747272998,-1.377347998921334,-1.1883986807083067
-1.561491845518882,-0.18669053361746762,0.15248997383131363
1.7910521630610068,0.4394599144107641,-0.5146737966148408
1.012830279542005,-0.5673938735933894,-1.37239858437963
3.5210252987824506,-0.4698569950383763,-1.197596361239323
-2.322902813567712,0.02902228051665607,1.193088238758277
-0.49989803956028145,-0.1865829357637142,-0.6404194631493274
-4.676290939108835,-1.3480996563220944,-1.4278832654402647
0.18848864426089101,0.08715954818066732,0.05937793629741748
-1.2828632820093149,0.40557550375554663,1.8159876545782938
1.4836031908034255,-0.6426279375567591,-0.5197213517708438
-3.4916718020310125,0.8363318556502168,5.047065125283679
-2.6819196084390615,-2.064937018427341,-0.1409781660132187
-0.880366461902703,0.655234822173832,4.149437892032486
-0.20126226918273415,0.06167739703161201,0.7947291935833571
6.09042229463728,0.9856172014727317,-0.4538595115609195
-4.20037958883602,-0.5531107310507251,0.3309674621512579
2.1002126344898295,0.5502570938663451,1.2798052356745704
-0.2558746708570615,-1.0063179991685078,-0.9909773538491926
2.189077987880987,-0.16117435759901294,0.012440203182290874
12.553674443377759,3.0623800187502854,-1.701056910990877
0.022171903193852174,-0.24940462005637232,0.13525861128475203
-0.6948600923930651,0.3148289986212403,0.14801106370211814
-4.659585104070055,-1.7380283510982666,-1.0259156301314423
1.4200346167624933,-0.8828217738341751,-2.3101183704168156
0.6836214212028431,-0.6486054781568313,0.03112631246839478
-7.217372933789179,2.5728966039702126,-2.318474861488523
-1.8849543516579728,0.9429214635651387,3.2743179810257566
1.6543087945473312,-0.6908376092796086,-2.684672145906573
-0.3402390046673421,-0.363334457886677,-1.2105461371461737
1.1502963160325475,0.164347107636566,-0.3096778392987406
2.8311849331307264,0.7399194524224674,0.38432243854781345
-3.3946669217357632,-1.0082436127695997,-0.5634673018320443
1.1131847330560696,-0.15250293836625436,0.023903810564343365
1.6695237722406944,-0.41087159176063337,-0.8239588357895733
-1.7253951889007948,-1.122657177218294,-0.24476179340184104
-1.5650914205931719,-0.9872712068927261,-2.439138625387507
-3.29298665379497,-4.320715589379745,-3.0821765036488684
1.3215815637749173,-0.3736551279658421,-0.521747895570901
1.07853862949416,-0.15056404988831745,0.37884048187480795
3.617886427529754,0.01835761196846427,-0.5713379559945825
1.2060458433207106,0.5478504955397846,-0.46452457305423756
5.633817879002066,0.9559828932343747,0.3640722839208181
6.672370927802689,0.9809764761295781,-3.248465602666087
2.35877368724694,-0.6011493570626678,-3.138928629105772
14.22839595375967,2.919054985478811,-2.12303017198298
2.5445474776449304,-0.22068243991913786,-1.082523466478842
2.915582636740295,0.5133841026118664,0.9278450776714543
2.2925997013729726,2.09403642223483,5.266288914645313
0.5827665004138061,-0.2557158859173974,-0.20831445235231685
-1.162036245788666,-0.8483015474578272,-0.5573000750613322
-1.8580293388243736,-0.3021416408667259,-0.45958056553447907
1.6495776862420288,0.21368423315162058,0.287482194564003
0.3738592676845545,-0.7851491448309277,-1.7558144781945686
0.1425326104252721,-1.2131762387380483,-1.2184297085716507
2.47280271256487,-2.2187114396482555,-5.714626007512794
-3.6370616819628303,-1.5808897598808438,-1.5754030767774212
5.468672299789672,0.24296905589945522,-1.331323834569892
-0.3552146849113042,-0.05009671171908262,-2.3561811439948803
4.228325349080561,0.9883018616905873,2.178200923560904
-0.3426944751357904,-0.05894591523011589,-0.7909013051064289
-6.34877216070478,-2.832662242928307,-2.8283424494681872
0.1925687507422843,0.4907635300600999,1.816266632043924
1.4942359434821997,0.2543981117358986,0.6423059968571482
-1.345710232132872,-0.9663342213353266,-0.8416097694808697
-3.18682915753284,0.4486378532508182,2.6564350168567703
4.067823467086047,0.2540373116427711,-0.5672529162702385
2.9557376218682982,-0.8359695351928567,-2.0523226892054334
-2.9158275875239363,-1.8756163701841462,-0.38765901965186506
-3.459576933640242,1.2051799879420317,4.604461868710713
3.5296817394360933,-0.27149546653516365,-1.0041139754493824
5.129613192264316,0.5521403178551315,-0.8721874359971837
0.26789037716494873,0.8212200153206496,1.780186089920686
-7.942451419527029,2.421857545299283,2.7141768696050796
-0.7994932456895746,-0.18064146795703398,1.0365772119633487
-0.9502073785394994,-0.5035232713018462,-0.2714235477569455
-4.376402945874082,-1.8623716982315597,0.1882159430856557
-9.106007148633807,-5.271373159648327,12.242429604297847
0.9689970559214705,1.5876823790052033,5.169681374508367
2.3760532161642325,-0.416410261417131,-1.8046693070895192
-0.24734101555586538,0.04114564119151034,0.2977162155548956
-2.8116726004505543,0.5170613749546894,1.110546064604555
-4.427397156943555,-0.281186699075571,-0.011970516688968532
-3.2171625618065596,-0.6701069580356172,-0.8094621562153884
-0.58474874893024,1.216889986973192,2.2611767593452514
3.7618368497983496,-0.5893888418474253,-2.228866571967866
4.275815326518492,-0.3008433013787147,-1.184434427739526
-0.010157169540407861,-0.17299888725095344,-0.26238545373517747
0.48690773158180267,-1.7122604091671905,-1.4402727544398635
0.9943936108127762,-0.9616056985081065,-1.3710823559053986
3.2820282402972887,1.270373134296245,3.0674282074121715
0.04094793170479282,0.18557815791313859,0.358120296553738
0.10956383691549029,1.1371249254668594,2.0003969923917166
-1.541359657505735,-1.4002210882230282,-1.562805386393819
-1.053474959994227,0.21538889946570772,-0.07407123522900481
2.592998379110639,0.2720006822916662,-1.0655069046500811
-0.9478983907681736,0.3869921302389174,0.21903294918212712
1.5690650146640162,-1.0240358111761265,-2.72162017798551
6.485227396070248,-0.405667305379323,-2.3492633438697066
-4.338746702229224,-1.0179590437712611,-0.10524007479631042
-1.458524714529067,-0.11065774800346073,-1.2538488632783937
-11.563320730240324,10.661068108424649,-0.5692784201049815
-3.063152722396584,-1.7256210801781702,-1.8268810116682432
-0.8668363393937664,-0.6486092953665809,-0.16596377795716166
1.0255008625254785,0.1987626903004435,0.6148620110431549
-4.107780301994165,-0.8068159201810731,1.7257611181264167
-11.028131981405028,-2.497888190002511,2.428667960423213
-0.5364323502632053,0.3620737722116304,-0.4851064475191996
-1.102819416984221,-0.6571802812575743,-1.2923816376024004
-0.34045739643260653,-1.2332869784496456,-1.4197758442018018
1.7431251352019546,2.4058696427293453,6.256934516297857
0.40342422479770995,-0.2139355790055238,0.5353096562215142
4.126203271459837,-0.06120851461677181,-2.2635309530747922
2.8163425786039715,1.8310334696704693,3.435063618701439
4.859117794780586,0.38912041291370786,-0.3199919800621367
-0.22016625533320214,-0.5101531004295712,-0.44544078947916865
-1.9400241252390935,-0.5212900524596273,0.010753032829671895
-0.8374267884324819,-1.5044364121648401,-0.6939787807735537
-0.7707987657397966,-1.0347451182552139,-1.9143198154044925
-2.28411665079538,-0.5167544789236017,2.6374859628864313
-0.41627799261949505,0.19154219838489242,1.8845782864180032
2.0567736568786468,0.5196353512230297,0.9750935577799796
0.25009703564312497,-0.3494381884430122,-1.3806162619846265
-0.8078217926852591,-0.5054594683449923,-1.7469183272274003
0.8128153810949733,-0.48403159565545933,-0.4747311702723247
5.239026168497334,2.044280563439823,0.9654765993986238
-3.339604302259192,-0.34722290985070087,0.2388819083716636
-3.238273079624038,0.28970659873597987,2.8767069785326607
-5.738431021346391,0.9319590635944021,0.723267022320435
2.2122739018063533,-0.696774006726459,-1.770708850013569
1.0570649460796846,0.6318535162336342,0.6875778074637875
2.509185514737651,0.17249114405343746,0.6910345309711124
2.628986936792333,-1.1861980804563252,-2.115623191832785
-3.9522718467589533,0.31192499325566553,1.452023227952072
2.3350457714512904,0.09827487832911228,0.4781599303964424
4.458901357775872,-0.540155353537742,-1.4779780968765197
-0.13138009361793282,0.3845420789477395,1.1895784564361211
-0.41017728823392613,2.09021743987958,2.27554421155669
0.33234128893725445,0.7460889001752262,1.0894406997358108
0.7310574441785198,-0.5232837848758715,-0.9852118560359551
17.051135947949433,4.375762899078488,1.1876205785530374
-0.735477476731088,-1.5084395945020814,-1.2899246306619137
4.935963849380573,0.7573578283739513,0.40508024306687046
-2.6156477689564728,0.2890010771856493,2.3699706462498606
-2.0926930485084854,-1.0394936129271088,0.6764480680918984
-0.8644189042435027,0.7869029095243895,3.058839175726397
-0.6768329210202702,-0.47822323126211513,-0.5472650463745217
4.89599894349812,-0.09202423983612694,-3.1270582953440074
1.583669985795171,-0.5577828646652419,-0.5282408215915013
1.3196679658126795,-0.392441774584716,-1.5810803149367383
1.5368383260337974,-1.294236441047852,-1.8813982605004322
-3.4977322485074307,-0.7104161181983716,-0.3707359439281139
3.003192895255988,-0.627228531895943,-3.2840239075542823
4.756321191439185,0.3407251482378744,-1.336975156118994
-0.4861100417681986,0.33972783306715026,-0.06809897657661715
3.1061642961564937,0.7228737710155686,1.9347751946888336
5.555532533583361,1.6701124981082862,-0.3099673076478511
0.8021289085668467,-0.4612092538614596,0.15804411360134052
-2.900939586607339,-0.5267365697673285,-0.8169648560234626
1.5864328029672363,-0.2735197846683612,-0.6336097813799031
2.976582728486417,0.016237993368929178,0.2016117234463394
-3.2863858575970504,-0.28367597815843776,1.1040361759360793
2.4661095665959407,-0.11559717057756434,-1.580250609274303
-10.820851430014644,-0.27655089594897503,2.585987710777902
2.421785161566453,0.06036810081764058,-0.05996852035932809
0.05733559624223169,-1.109120394710208,-2.2181262779855073
1.6293209647674136,-0.136433507049595,-0.563869358081045
0.9942625741380078,0.6610883392534782,2.1114324121244157
4.381496451260084,1.1194254638719947,1.2424901353408495
-1.0467258728524957,0.1756010805368482,0.7030011698293654
-4.49876805731555,-1.9666704495685199,-1.4294552859000398
-1.1899431492966233,1.3366595239725576,3.731951117806083
-2.3663977152514177,0.14663139717313164,-0.04158049778783971
1.6281108149121097,-0.35011355585235354,-0.358919740996104
0.36105480041080745,-0.3595404554341861,0.5855260776195076
-4.038933820784645,-0.10264060575184179,1.9647499783417415
3.5717598531592074,0.0832625058835754,-1.249379734560303
-2.9867898048203876,-1.4570001973163822,-1.5592574296470734
3.286200163369355,0.5232291362595944,-0.5421915282618214
-3.1240414197589064,-0.4900010270746272,-0.5039192517241433
-1.4605364214868752,-0.6090054370610485,-0.6606929856929318
-0.9835660144692332,-0.12027376604953824,2.2783370142715964
0.26768738082035454,0.5594612474202757,0.3174855220855597
1.3787777431779935,0.5850241310965009,1.247446513627708
-7.405922543352699,-2.245496464124072,2.067474409254844
