RP_Component_1,RP_Component_2,RP_Component_3
4.547444544782875,-3.0649775860837267,-1.1010960536828376
0.6015435999631018,3.4245385634496563,-1.8498259573998457
-1.899172145938503,3.333569257941275,-1.6974955566007095
0.29454556932846243,0.8879810928457462,-2.861625608975362
0.6084385642403107,2.250904584112194,-0.00517123962563293
1.7458509070725057,-1.281031394768868,0.38267896984119176
-0.32031725739344885,5.6874774410833435,3.085824556598961
-0.23266383611019698,-0.461179178539028,1.7205313191913052
-4.5436450031870965,-0.6382095435333457,-3.258620768131421
0.13249379153175775,0.8791878663183678,-0.9465084032363396
-1.8604171232882794,5.685195281362559,-0.8857128403365385
2.8199825846738973,1.468991793209231,5.898410300513423
0.5471040681312112,2.5373022524517035,0.713787318500672
-1.2569166579178106,1.0268821727390447,-1.6921312541091256
0.29814846739684564,-2.356965852265065,1.058161717870513
2.3805155331051484,0.6423466420457026,-3.467769393091428
4.330948419656446,-3.7731828930925104,-0.6078879754429493
1.6391363034865587,-0.4105924018018464,2.5742439170073714
0.27549942375909126,-0.8642595854698663,4.681618843200039
3.6807261614666134,0.5557451627019698,-0.12820440165129857
4.5283000347123945,2.998546835070593,3.1045977708459094
1.5777629941194014,-0.6993977286306965,0.32776661119266803
-2.8464807828171743,2.549678889036551,3.9991634828587377
-2.740599333035853,-1.9078688841302158,-4.772390641330286
-0.0908764347061664,4.283486964733773,2.7513402455595335
-2.7402948751969882,-1.1809751881937278,-2.2138258457897573
-3.538110109165542,3.0585993120236323,2.5169725271845196
0.7162896243702831,-2.812027131365532,2.594549418920878
-5.9314155124873515,0.4596318264461317,-3.600012968747029
2.5133708430680004,1.2255769618223722,-0.18911734164455937
-2.4698354356570382,6.648335177771127,3.212671290407395
1.43972837364656,4.286471840000055,1.7989233842278578
-5.4028542144416685,4.230063579695644,1.9398595466842736
-1.2511007020021243,3.830377500247607,-1.0261114365650505
0.6916478499464002,-2.2817462380504145,-2.7866336667221727
-1.8138112061612024,2.3595738877981907,0.7030328627782148
5.402297373649751,3.539002553790685,2.371569648934903
-3.3366832024711837,-2.1569933013361298,-3.101289990603604
0.6772544151325639,0.5433592507959927,0.9936382515594977
-2.8278413561225064,-2.808547844286234,-1.9805997806337323
-3.3708413868914295,2.0655483307105285,-0.2420431887619138
-3.10365012840116,-1.654115712113058,3.0563929497323925
1.6808649761286327,-0.6796198266311622,1.0780677709416333
4.073680323423871,-3.2800354486431984,-0.24730547982801618
0.14708116350418804,1.4699340709818713,-0.1557820241732699
-0.08946079779515768,-2.927449389759702,0.2605921017456475
1.303607054494294,-6.821418595228191,-3.5032811219009248
3.04960270574529,-1.6630107371761553,4.9110376910073645
-4.25508263911264,1.8895030610359071,3.3979877614025815
2.4602746138470777,-0.5374548877114617,2.7150802520490718
-2.8433916231170384,-0.5945292833716105,-2.746565630473981
1.973592707154462,-0.2991416656190491,-0.8586424935544884
-0.2992921518306647,1.7210281041870492,7.491106676293526
0.9476659829471755,2.623511634111012,2.1754101608670178
0.05923215917802129,2.7970391358970406,3.0427989566107123
-3.229700074075125,-0.04780129091561782,1.8753208302684736
1.1625842889061069,2.765768486224654,-0.5631763573441558
-1.28041906869417,3.39749054846745,1.8320396033862045
-0.6721769188169239,-2.248743072595046,-1.3329223395794492
-0.49428623648696995,4.187981428151671,-1.6567962527844808
2.8265335818460153,-0.2151196543651566,4.107746615828294
1.6499739836395269,1.8739611884945544,-1.2690303815769732
-0.7075533550479141,5.465619982123442,2.118884625621342
2.9875171490381724,1.9984849610354407,1.3805439348815214
0.5297340011460023,1.2224336146352903,2.72577547332114
-3.440070663377857,0.7513834734458121,-1.4811892189752511
1.8745247257345858,-2.4120534938454616,2.2713191767344347
4.686296880048828,-3.127135740192927,1.5084300282532264
-3.0904908673508937,4.096158418567101,3.623081841908382
-1.886869004729025,0.5700809392625521,1.4758200205807017
0.7900799631160136,-1.66002066333237,-3.3774525270706572
-0.8753333369739181,5.012484429678462,1.3305270585548645
0.4042907096265444,1.0027932373570945,2.442724250826218
-3.218278923869991,1.9200562969580688,0.7077211189384602
1.536358126280086,-0.6247463697051261,0.04842998321782571
1.145964599146293,4.153004872613875,0.2725654340553738
1.5262831946076874,-2.4427647292948858,-0.3548265789811235
-0.5917760599969489,-1.9630752191966483,-0.5902263617221847
0.005475403924782143,-0.12243932839384987,-1.4582115519004282
-0.18464221626248567,4.397623370837602,0.25798948247396936
-3.8037779863744836,0.3422274624288874,-1.1843855388629094
3.442314602966734,1.189001358940146,5.555086960469937
1.5993230133047185,-0.5641189110906161,-1.1805684829962155
-3.711987996559824,0.9900977218281021,0.23412331795316121
4.46407668774051,-0.8824795835030309,-2.640111483522047
-2.675472609590387,3.619817237760376,1.1179522713566548
-3.371059202938703,-1.093521362691555,-0.528272517751304
-1.212724904941151,-0.934678163237546,-4.5245778893925115
-0.5355087492576766,2.2931054465777083,0.9328281710661956
-1.8854075206978862,1.0612471487602075,-2.231539253231467
-1.9995067295717674,-3.646024595206735,-0.7315347491314433
6.0662275048809615,-0.6732216428438796,2.346898601054292
5.050241350362573,-3.2813201831172645,-0.6303760047661893
-0.9394297443772409,-1.4494912449104265,1.0995688125876617
0.43745161356081574,1.7045294883193371,0.14927019393978108
2.005007767250278,-2.87237164803387,0.5834813113153199
-4.954832097078025,0.28165687137787754,0.002367653751054631
-1.7955976685838915,-5.255585404882232,-1.118746241115934
-3.7276211820901217,-0.9058692588427475,-3.5815929839857765
-1.780538461865292,4.66958558684457,-0.9979694551305074
1.4162275327352183,4.9161896963893685,-0.3674552776222188
-2.790868279925781,-0.6093249782116157,-3.330660883626261
1.1844651658624017,4.2218729307091385,0.9320330860733594
-1.7659312041490007,-0.9521355597013941,0.7907820345703553
-4.707531771628439,-3.199449277603717,-1.325176412319701
2.7453777476555503,-1.6485299304226622,4.3738635705776066
2.964776276055545,-5.297301012018885,-3.373753432531319
-2.3659663570481015,0.8978863476585773,3.3046058984527793
-3.3569288611143278,3.1038258760608084,-2.1451161209051843
6.121713725707009,-4.682422556101521,-1.2886723805994598
2.8970540684610446,3.1394789138632744,-3.268986753032857
-0.36713224246639536,-3.374126684489898,1.692563524251329
2.1703406771607616,-1.6199732119622843,-0.6118634222284026
2.4212142525721188,6.314342964623409,2.0112153709734764
-1.2292657452546438,3.320628274929792,-4.35473236568552
-0.3745689875802663,0.5270105864487594,-3.3144120995087674
0.7854382275329388,-0.5154318241969581,1.1951488295309192
3.5613629280445154,0.4493900812679084,-2.4737311822965014
4.67243932217894,-3.8395993220671003,-1.1030263873929254
5.437138052099254,-2.9599259746243156,1.62609376317326
3.518184303096527,-2.777685219185114,1.1231113075201313
-4.63483514674234,-1.7544270111854936,0.39409584899582584
-0.8904463884374588,3.3836877711014757,1.293231897630627
0.6451742170528413,3.566196883985074,3.6693406143574396
-0.5420189637728137,3.045839849208842,-2.536866085262635
-5.522316179161259,5.490819785790696,2.5736436288679045
-2.6722450651350513,3.143024698426921,2.439404150608826
-1.2126453968958297,1.7731103255471252,0.9154678718070357
-0.1393547860170396,4.2334953576527505,2.2342517718651416
-0.28055905718174984,0.22698932417810083,-4.550029901520387
3.8962533113403266,-3.1678763453277328,-1.9633403570354104
-3.0152856852931444,3.2557054450140557,-2.8217029819761197
-0.9274894783644446,-0.4111679187124422,-4.607416707681562
-1.4696695353908062,-1.6028871956048756,-4.001577940631164
2.587384563377476,1.026841004475397,-0.02635155625460578
-1.1992524819083465,-2.6051983330658968,-2.1886037083822605
1.7405001799781057,-3.8426427378721906,5.199748644598682
4.738338470287893,2.887858578776909,4.198600555691982
2.5526653070134024,0.5871232747508129,-0.6091231431424798
1.6642202125630388,1.64283506072201,3.336823171101743
0.2765277973377902,-0.18514262737471907,1.7669530210185047
0.23560364164680275,2.4074278081249743,1.3928720646184123
-3.042402631184555,-2.199735992806141,0.05333592171598178
0.6225873881242637,1.176427689576212,2.2309084963721695
-0.6413273718661566,0.4204099405436621,1.2962182406477505
-0.9046563540163207,-1.1324962230833688,-1.202393552659779
0.0256086285650078,-0.8805325899435278,1.2529442022800292
1.012578811663292,4.575761362236275,-0.8941098021763972
1.1112776124376396,-4.224858660742145,-0.5396383397280882
-0.7844992736211934,0.022429230937789785,1.1993860805547583
2.1762811954437287,2.4900231518041136,-4.136484593775657
-0.45402327140191917,-3.461658713104399,-3.1729415990201746
0.09387677049734443,-1.6379002911350913,-3.6059230110766833
-3.117395140459929,5.563636815900936,5.222967002226863
5.462499258527484,-2.89062747597454,1.1382824523240926
-1.601743498511553,3.8271257646238754,0.8164779844155619
-0.2919588044883707,7.21669895574553,-3.6220968821186976
-3.069298587687427,-5.810582803318451,-2.348300402279384
1.7758006306142546,3.560494789300963,-0.7573213442240421
-0.38830107328311475,1.6767238704559067,4.569783325642044
1.6706937910474886,-3.0701724543162214,-0.7091458214656409
-3.947795104078687,-5.224539635747656,-4.308732176641562
0.8424069552842426,-2.6668891312411303,-3.0587323340146484
0.31328118861940485,-2.9234868896716577,1.560478409010319
-4.663647770828202,1.4344201059733062,-0.7468150439927786
6.6547321854093076,-2.5864759756715356,-0.008576464139332331
0.8852826889090536,-0.48851959017449487,-0.8451259576171126
-1.4473757615472451,-0.887885573910012,1.4605479355324347
5.67153548999472,-0.12368411810562711,2.342730871927174
-2.770924793675889,-4.1554614546652715,-1.704757553623722
-0.18128702300377095,-1.2169915224698373,4.201952839911786
0.38492321999710777,0.3551021704913015,-3.326224586304422
0.19543297824163158,-1.808291465268875,-3.1488501680680376
3.9131788433197645,-3.600383647899614,-0.9376839674339925
0.12160875434451777,0.8654056219297136,-1.4029046907633087
-1.035337833856057,-2.7596813652516183,0.09346052425148343
0.9371915972855956,2.9919272547730507,2.046589330557626
-0.20745256068134488,0.16611595961941486,-2.069331261000151
3.4613240353497323,1.3780116809121528,0.43388459389849
0.579515543185989,1.440059799219623,-1.570365169730358
-0.9926988483284583,-1.2484415117190473,-2.8124108577633105
-0.01321347757296197,0.06163811245603443,-2.1952065304339023
-2.4322281886689607,1.9842987761823803,-0.2435715882411181
-2.459324954267918,-1.7151701340401182,-3.4080378172561776
-1.4214208691102692,0.293964059605267,2.264676545097228
3.2109392170631263,0.19074881922219591,-0.09722590434300946
4.070821049722045,0.6304755866147275,2.1808210491441886
-0.21590219319231385,-2.6045176713777756,-3.7171869866766443
1.3259228796226097,2.170936342966784,1.7584948270578007
-0.37004076193469665,3.3954411458465508,2.3074179598137503
4.5196307122993025,-0.29345584528188356,2.4474454233709513
-1.9844614811540942,0.8916089410240225,-0.8583868389622373
-3.7885666653200794,0.09810111191093066,2.452354031449965
4.171404095143056,-0.4229315022208685,0.777286410945921
-1.9978785842545517,-4.681586718804699,0.2915600620228709
1.8952770692765326,-0.006037610587826093,-2.9054481370258114
1.480430982705331,1.8412867919800415,2.2633336844130487
0.5158719626778328,-1.8845396281005704,1.0900506394381562
-0.061387527102383974,3.5735567243858783,-1.0011699030862555
-3.047457664758944,-3.156284084165935,-2.7031848388585678
-0.16404747749491327,3.023681995733675,2.6772089350439776
-2.8146116291101966,1.72997130264146,-5.147086018982604
-4.807762018312678,4.896166892090454,0.9806444857303906
-1.20375834782295,2.0918096816122493,3.548197948370629
0.35320229056442104,1.0381347369854255,1.050699566139031
-1.5895876254328007,1.6278605819831935,-3.760603752912234
-0.40530233019536505,-0.3205712677956428,-3.108348427380623
2.771366928865305,2.947481287400208,-0.719765145159709
-4.5275241078542185,-0.21337752582069872,-3.7356324592613572
-3.2283029665132945,0.1998109575738751,-1.0702342362262742
-0.8842998582521381,-0.6497817710388283,-0.23704541249948582
6.479281540080368,-1.401855774176475,3.489318010093249
5.635453362807069,-4.662857870510448,0.4980086606086731
-1.6066773035101327,2.5904132984872223,-2.3272629898816586
-3.6999732029280334,3.0705379489495797,-0.2725670420092389
-1.3749582002813099,1.4925895281822277,3.2804592974599402
2.9389136411850614,1.383040590576441,-0.2660562920757192
-3.0074984283872235,2.9277553090446884,1.2814789601384646
0.2934928217914691,-0.03722667709942873,3.4367036234421944
-0.9964426230350615,-0.5275454019417758,-0.5374850858707291
-2.153472095883025,-0.6588496482598605,-0.8474732712426549
1.663689752359891,-4.318940295253801,-2.8323283373589483
-5.4033421701984,-1.9250648358355829,1.4869258521374873
-2.996139387167126,0.6293212624338618,0.44350275582801957
2.872474279265336,4.077185269251579,-5.562283311405457
-1.1724469606096717,-1.2157914244555355,-1.018311882433258
5.145755621558644,-2.5324266778428766,0.6893553350840195
-0.8583901155944208,-3.16275783866053,-1.6163193241004161
1.4656991944035842,1.9314793787684483,1.6957279696566558
-1.265904797705248,1.352906795839076,3.4691628593980575
-3.646892214678513,-3.6514770819961075,-1.6060265184818845
-5.25142976128929,-2.9015460385829397,0.3626124054175286
-0.8414197174827532,4.317984045942504,1.8843488279187075
4.52476871942563,-1.6904617488919926,0.8586911520791318
-2.6696538610774425,-2.2337307359935914,-2.955985856266278
1.9536931326485072,1.4080522176018107,-0.9348892666608866
-0.6428602903673881,0.28595084848250385,-3.197683973572765
-0.02227591087791668,1.9826665616104993,-0.9748922548805459
-0.9886135992935509,-0.5483689055180954,-4.001392488902374
0.7658340220170438,-1.862760339132754,-3.3703227913382734
0.2940006328087161,1.553320456230313,2.0049618083864504
-2.06053809403439,0.28098740510593156,0.05697187068538967
1.8173021062862091,0.3676781352381155,-3.2036660338041463
-3.8626621175422535,0.36154137339263154,-3.8563357774556555
-2.843188278473408,-2.7575871658626463,-0.2815617937591853
-0.3960731760319047,2.22823118979995,1.880036494652804
-2.10004841089085,-3.996822618386639,-3.8114856615648707
0.34632564101227564,5.709177972670775,-4.833630143168102
0.25466597869583574,5.414799928389582,2.3512864915570573
5.4523556371606,-6.860570049737119,0.8706380189602225
-0.015319867556865749,-2.215748184610493,0.747468736381635
-0.767873940953493,-4.866505378425291,-1.2854195021527395
-1.3166522614523581,-2.2923389513361605,-5.53330667594806
-4.495305068885789,-3.69832910627645,-4.635382634701479
0.2725778352363062,1.699933862349433,-1.685384641872186
-2.125860294265352,1.5711285378175026,0.06264511865190725
3.467571619218983,-3.249657907256861,0.1875027754586192
-1.2356727534099052,-0.5727330012704857,0.8350837928174624
2.594530446727902,-1.9471625999082787,1.4113862695541728
-0.17599245117357953,-2.6205095475336257,2.0106309053264892
-0.9628850995042858,-5.823960371921364,-2.49248650168805
-1.3797813069045524,-1.4148679452833086,1.7369765934598638
2.0536257794718447,-2.874212604854786,-0.5919532055912571
-3.13343365826359,5.133372310057732,-1.1269041190416091
-0.04084170881839176,4.896234803899824,-3.374376909441545
-0.3671890367977069,5.7068447977192545,-3.3126208748403716
-0.07667681119945277,0.15749959728610083,6.788513172704828
1.3629389310365656,-2.16037888412384,-0.029703754756641387
3.3104899276085153,3.133746058899774,0.2918497414406006
4.325607587744622,-0.9362608534351909,-0.2767574735462643
-0.15899179259093726,3.828507728324269,3.273166175514576
1.3875008417253825,3.61581743396916,3.0864821357734473
-2.3185538440690228,0.04007214934037395,-0.4683815561143285
1.616679271495297,-2.7727559441079945,0.9567229791064931
2.7519918731783095,0.5076840824158811,2.4164114344330745
-1.5632271979256311,-2.5840642045786715,-1.665543423441205
2.5385976507352708,1.9921374247424029,-3.108379474966901
-0.4194115447220222,4.01645147123921,-1.9513939064237467
1.6130968336226643,-5.002245048319377,0.7756643442913702
-4.007514675165761,-1.297138859910357,-3.0023360620233412
0.8647778842349436,-1.477565399471504,1.792252636889399
0.47807693999793394,-1.0342838278371664,2.0490314780057917
4.881658558832281,-0.31046427168841595,-1.1395851532830663
0.8180202979034987,-2.732535736608518,1.182618719201979
-0.17231362319916815,-1.4792096071708092,-1.7454964050142294
2.8206595579845013,1.7989056250484794,5.38407681617134
0.6589732815575147,2.851396825529317,1.5311135911894824
-5.829397567128151,0.635925390900945,-0.20015614883766922
-6.094069318737383,-0.9270291423735109,0.516543004360839
-3.599837283955126,-2.5307825511619004,-2.65075215094582
2.3760183851345134,-1.8591788730770413,-2.0198163525085233
-0.06319295348118445,4.793184510893399,0.9894012626559585
-1.8936338539642512,3.3194448366307827,2.8447991505404033
2.6541749391891543,-1.2880533520093458,1.5407014101525605
-2.6147885878367196,-0.6716944514730203,-1.5024651817550785
0.5045181782947924,-0.012785617911969804,-1.0505512423174992
-3.8027937656812973,-2.683989871665588,-0.5141929288721424
-3.768847503536624,-3.0086685949973,-1.1217030523185547
1.8963861193189122,2.919216115875642,-0.1533378460053483
4.738009497802184,-1.9577272856531676,-2.0176190701300287
-1.3461335162006156,-1.033400524167353,-4.795359266854348
0.4603086057723517,-4.085672608392089,-5.084496181350401
-1.374591528828457,2.208563575158035,4.925759282311237
-1.5427413310315674,0.24917025102220128,-2.707712800349279
-0.034813886753304366,-1.0205889965074881,-2.045462471743277
4.433273511986382,-2.616980252475187,2.918477041634488
-4.066314781975954,-4.349879344427089,-3.554995154460111
-5.224089292149985,3.9344692197193614,2.7774059827539976
-2.0177630493838845,2.5337925991791783,0.43442729177056183
4.061283375492985,1.562826469095306,-4.799652391974511
-2.5773096735880014,-2.818138620590939,-1.0878475641204348
-0.535825935913605,3.4149250428302675,-1.1223664617228555
-2.515099261839637,2.258018061781283,3.714548204709261
-0.8838775775590776,1.6369788162041992,4.708870053859227
5.9641369334538314,-1.9342486987515826,0.6293347555948012
-2.1548077463429522,-1.4890814926762737,-3.6983218989195876
-1.744530453003659,-2.456050698981454,0.07564790701295177
0.7420043915079778,1.2529575744049695,-1.2963337472695853
1.291539456092104,-0.955768850485136,5.746036014874991
-0.8282677528084547,-0.04931307043872568,-2.423877305474661
1.858702641333624,1.733731469182857,1.9513690390928535
1.6347994018606604,2.645875517898321,3.940599541563059
-1.1710218186480565,-4.103770235514003,-3.138258886590979
-4.7657203330986,-0.5656835365229125,2.8534320519075504
2.087845968108428,-0.41229068743118136,2.0725305684854565
-1.4134416488279953,0.7394461274776094,-3.1960605669641695
-0.8209723802816248,-1.4497787439695975,4.191088400144992
5.462316529260103,0.8106816074847892,-1.2802402793994712
5.91524250257343,-1.4552170026565598,-0.1802117241064916
2.4445451431574,-0.36786199588661267,5.296367739748877
1.2855510284177551,-2.111728024962535,-2.402192385513271
0.05649390667560235,0.05439732667916594,-1.4099547218637591
-3.048769937266733,-4.114489328616666,-0.9170439297312467
-1.8140461743588892,2.874799165086572,2.6585763593066223
-2.098378921869352,-5.873805535832327,-1.4783827379903507
-5.022026029760789,1.3068707568693432,-0.9790524764303509
-5.050894770071631,-4.384781639285392,-3.4152435907208387
0.6471975646730659,-1.595083495805339,1.867751299434052
1.7830867883665755,-3.103137845596944,-0.6121899418175981
0.707267747842657,-0.4516111458519,-0.6524572898810087
-1.7573092262086967,1.0259637965709658,-2.99090240492156
1.583269136515782,-0.7558796703511999,4.066322125306895
-0.6524376781354251,1.5971123930029556,0.6037966163639877
1.525606555996271,3.16147728545214,3.534460957547705
1.4890018713794049,3.4799686250305815,0.9335917075646301
4.07474884774147,0.6340005006547141,3.9617055933090652
-0.7616288443773499,-4.4078485783344235,-1.992400811990384
-4.7917962254240996,-2.5974370392179313,1.3496710228431124
-5.528578347187722,-3.1700079601689124,-1.2147962403762844
1.73667930913264,-0.9094660904790844,0.13421647348029958
-0.10009373994031442,3.719042736303658,-1.4288037310077113
5.041548448305619,1.7854616340129996,2.475753761833653
1.2905042120310182,-1.7405166032118995,2.9082284275897403
-0.5622911444293796,4.294642596032773,-3.0648067615950607
0.6517894389705635,3.585418760148872,-3.604074762802244
-3.516198264795389,-2.243940568589981,-3.401706438843275
-2.2311803952550995,5.00944647638225,5.888338126846307
2.6511051677715316,-1.5635358732203704,1.4171322379197306
3.7146170192284553,-2.2861510800106912,-3.022007001737949
-3.013014248894606,1.1559721525157372,0.47209992463038264
0.35743554792333493,2.0961591901136027,-4.421088611523346
5.73092704569726,1.4903811179332571,1.03118531171054
0.3505869075371805,-2.686160364719987,0.4754279847896098
0.9761624848031928,3.2198948934546507,3.276654750520204
-3.159850808624066,-0.3892158471902394,-7.1685008550029155
-3.4354200471724763,3.6556480160558955,4.675633708571009
4.228657718689716,1.6727279013778849,1.2331480122173923
-4.538429401124362,-3.7997288803176756,-1.5736705211115167
-1.6912989776267713,1.0267185093672695,0.6702612450709943
-0.2798931098405023,0.3757432781822778,0.9221696758244662
-4.047974627406726,-3.309729674584586,-3.647141945405788
0.4713493894967051,-1.891624704807327,-0.6602443555091283
1.9168187464523925,0.10290150034084108,0.23172210001945548
2.624915788356254,-4.203049913549943,-1.7292108209433144
3.8713669541935185,0.706706392755159,0.5363066630420141
-1.4199374435648864,-0.9997028311406637,-2.6218927147278848
3.891506835850331,2.3457607555303728,-0.843662833646905
3.7073960100754757,0.2870043569414187,1.7084844304945541
0.13416231982881408,-2.1639030885119794,0.5016339920651343
0.43535945559218725,4.943684618052371,2.539302426759013
-0.5077812564732798,1.6545496965454742,1.407490205632834
-3.4403846427543057,0.4210097110652597,1.2916063822454897
0.1957886423989311,-0.9037549127209319,1.0361503959382679
2.6891449965908825,-0.5945203398986137,-2.128157200244876
1.8214035692337518,3.308466996180945,-0.6460732772927522
-1.1496443167834272,-1.6721068614382955,-0.5971604809583467
1.0748273111138693,0.6521883471235541,-0.37278481266663593
0.343490278951813,1.8428681076233706,0.8876884602818733
2.5937073672715503,3.154273730848875,3.5416992000224345
-0.7278394229684563,2.458045136969448,-2.0963677351148897
-0.7949909475428153,1.0888795985870012,1.6349246180941073
-0.07302912717524422,-4.233156182348977,-1.4544353587055077
-1.495682830460781,0.4830311718842768,0.8542757172746835
-0.9929072962859203,-3.2182509586150867,-3.757840569862364
1.7499148344235667,-0.3854882873798656,-1.5008009949862442
2.6568563468630306,-0.07197383365484356,3.397205746058468
-2.806475342308546,-1.4063353529958698,-2.5846512826504613
-0.987204816642148,-0.32640324012914634,1.3911632537603091
-4.28455742230647,-1.712888441150906,-2.2030627978998227
-4.312064482008845,-3.5003151176019545,0.4809563733186696
-6.109177661849852,-3.128923850114779,-4.121051218220042
-4.148985790399002,4.258928464834572,3.356596362028628
2.328614077566714,-0.08969432276139577,2.09324746098692
3.815926263837444,2.2940260718438705,3.1412756795494
-2.4494507450532716,-0.15675670237779327,-3.9281523607673607
-2.9468452946489605,-2.0443534993982193,-1.6919549695515324
1.544996333961498,0.5873592570816891,-2.323161615738518
0.8956916889126606,1.3890157593402064,-0.35115240076685716
-2.455961490696371,-1.087417473673823,-2.2052534860314337
1.5235471485317347,0.2600851946198155,-0.7957609858736334
-0.7226025647827888,-2.5710091836402924,1.973295521519963
0.024665435305665798,-0.886610723096335,-3.427650872456784
0.9371882798630201,-2.0145438896907395,-1.8219596256826613
-1.4298710546513722,1.1350898005077161,-2.2105201812377033
0.9322542929652609,5.7574179535836665,1.7039064156563213
-4.578331668533775,2.6028932385649037,0.23459805623668403
0.41505537901234213,-1.5264911056586608,2.4285303604262465
-5.138875489098729,0.5370976747035106,-0.8877164022003583
-1.3799455904999032,-3.091699813958973,-1.606683884382001
2.5118329356583176,-3.688297119052521,-0.47199659307992037
-1.9028762631932776,-3.43919488793146,-1.6430183625657095
-0.0011855115147299852,4.409233894618775,0.6204031545534725
-3.398235010579012,4.4980605136729155,1.1535419003823417
2.512279764413984,-0.603808909240134,0.5779450498212035
-0.7735528803452044,-1.5113160508743426,3.97593746543789
-0.3888373450179597,0.614715184312544,0.7514846421828956
1.7078266117253125,-3.0546936341569277,-1.4098418054150228
-2.5999812442080295,-2.2881334123829906,-3.3354709630287354
-1.0955025753897807,2.958593498964031,2.6079970662902068
-3.4219223975535704,2.7058501043399668,3.202599338952252
3.0392974856238095,2.0760366479490022,-0.3557620631156225
0.6573986791747085,2.615081483025467,6.9095643791321395
2.027464296433692,0.2771071957800613,-0.7208186711592414
-1.2314453385191537,0.050558835222145077,0.5960354887909063
-2.9160838515160417,-2.771762530730551,-3.544860412883313
1.5424138572272414,0.147874136087799,0.8151910366342332
1.2206861974379606,1.28786094859853,1.269821022491541
4.734461597405471,1.331962711440927,0.7780313624128674
-2.528055181138669,3.7717473103861767,0.15845884505733848
-0.8291361549812023,-0.5611147285131697,-1.5192861404979245
-1.167442416611398,-3.444689820754428,0.8422915163460767
0.11377061276448804,2.1105333674051527,-3.151131682285615
0.4325697001633163,1.0981625798089543,-4.34477117818267
1.6665625244459177,0.9771370328815209,0.14222667006035877
-2.869217873536398,-1.8331185502697025,-1.496411505119144
1.7945943705148069,-4.524263366151403,-0.305799629437518
1.857733755875465,-6.701444109269135,-1.173030051296503
-2.7533060054691854,2.743886580092097,-1.0102651036155854
0.5455843226543822,1.2823664685364424,2.4501871705645333
2.2091463233558257,-1.4043976979170398,-0.8964881710678326
2.427337737798454,1.2696755132052968,0.3638670204132286
-1.7827378211144873,-5.2687082377266385,1.3571184373761802
1.1682074093146906,-1.8818792610142885,-1.1497793056004828
0.9318487744744349,-6.503176105373114,0.03226462661465118
-4.782834069283967,1.1764662219275712,0.13987696538696853
2.785747604057236,1.8362248185109096,2.142330301463306
6.27246851677874,-4.532273625576357,-0.6602542925896929
1.4185421099167956,-6.002349817155652,0.5347257212519314
1.1443057853594805,-4.748632586566949,-2.3085054154113234
0.5915034877889984,1.1250469254041773,2.726393079522134
2.329074300555649,-1.9965095376808608,-2.9073134394721527
2.8742011884267167,-0.7981991798769281,1.9679626200288398
1.8071838150887536,-0.21300890951700147,-1.2843743341202583
1.7494245357653149,0.7774008741890516,2.7789611295600363
-0.8581488710786304,-0.6023978773658367,-5.166908652817196
3.4635935234821167,-1.0867748373475548,2.5522421994783415
2.562490827858293,1.9847529139653617,0.32063116260264835
-2.265125174838068,-2.330174376560396,-2.948184565122909
-4.93519702383074,0.09375071678337157,0.33026752501515555
1.8979794005195203,3.5621596587749593,4.108239671981881
5.0073668630255925,-1.6605886590533572,-2.7805512077656545
2.389063513284951,2.6563090456547256,-0.09253306660913171
5.461234076283374,0.9254454271692668,2.20749396921492
4.81072049616269,-1.5310845768195973,1.0411848010471345
1.4788799633858734,-2.219431080687877,-0.08008548093586623
2.709038359503052,2.6616285575130374,-3.054325634263566
0.3217177621142216,1.1118662077894856,-1.544189236856399
-2.038057379336432,3.9026986952905163,4.213212724188382
5.781678410409469,0.5917358839717665,5.305130515604681
1.103832113501295,1.3579048812043706,1.3124497219314764
-0.7561546131903022,-2.903844263893122,1.1926718585747924
1.9064298781708158,-3.6590713337548237,-2.445975960600455
-0.8402798258178864,3.2611646251693904,-4.263879179459448
-2.5923752026637166,0.09384670233538864,1.4451020143072455
3.360483155749666,2.3565431729908615,-0.40183367168687034
3.2949473548587087,-3.3227550697766612,2.2613622519429395
-4.457452966629323,-0.5174236430873526,-0.9709684970711601
1.107684077849581,2.385932221249443,-2.606970423730676
3.9414468854489835,0.46582897356998604,0.9799331555196682
0.8579478549991297,2.866853616829745,0.17533442096729673
0.30687201399501957,1.6179145857853148,2.480611648507304
-0.12825748327345585,3.7864135978448785,2.705561290807789
1.460851918814174,3.8238536410470814,1.751634099671247
-1.6921831629860589,0.6537567166164577,0.8012126647854068
-1.068544430746568,-1.949205884566863,-4.246588839488523
1.1788464813258617,-1.0836479453986987,0.03815925319077762
2.1817632948847248,-3.191047138097007,2.1699967031347107
-6.435974699389779,1.757138637996455,1.112168738165673
4.105347087178563,-3.317819816832791,-4.454670715923766
-3.424245570980024,2.0640538218298023,0.38197219102546387
1.1801332214552984,0.5033228284815638,1.7990343867934917
-5.273610931886065,-0.039804029047313415,2.003986774359701
0.6290189561110971,-0.9971125213002728,-0.5577063838156685
-4.101369297237871,-0.1930453978417129,1.3993479733242462
2.017605226707375,-1.7194213258297737,1.1220644462902212
0.9539242379740503,-1.8786630587818247,0.5528262968387365
-3.658377265950402,0.13985760756676505,-2.208050941224373
4.460062207775268,-2.3773983807032373,2.7788244173144947
3.212918441404637,0.4657468606739143,1.4486896973717847
-0.4615526389924825,-0.13464491763199718,1.7479400090666055
-1.0098752526013248,-0.13740237939006913,0.9596142673425911
2.937251234392558,1.2927876639222813,1.6958767195708622
-0.7101963695832694,1.8941832045199305,3.180382991046515
-0.19476998544032764,3.2942494990134508,-1.14110887476795
0.8841547304330476,0.2470420742038231,0.7070575184212713
0.5495938678428322,1.5438851425674587,2.430729777303057
0.9086747471667768,-2.8533242077267227,0.6280502839666471
-1.313966623529268,1.3828184829624237,3.512590438615535
-1.1945395656750615,-1.6464191874955743,-0.43504612258576736
-1.0443093686398652,-2.217219246206524,1.4668509984733897
-1.0789258048257335,2.4026623180776596,2.7848167590071817
6.042858864711071,1.5989850366350424,1.392670177238944
3.3140171428809477,-0.122592691864726,-1.1845674946313822
-0.3944077846792539,3.1640368515286967,-4.1207136505033075
2.6697663415452912,-3.0670215778814245,-0.29695512118530826
-0.7810850065571645,3.576089277250487,0.8590749700729214
-0.3203688614236507,-4.957385075827096,-0.8790637803940644
-2.38447648402737,3.8146424322666364,3.7241400933231
0.797291653465818,1.565165495051027,5.355540086871859
-1.5321181676144138,-0.5137224059547454,-6.129102271829994
-5.7379297176741515,0.019569173886804736,-1.3871810023267477
1.7788105486414088,1.6600333255491966,-0.259564528758911
7.077258816182969,0.719688146944211,1.8910380888371772
-0.9956644329839058,-1.4681040408434687,1.6185280877777057
5.296673247484007,-0.7589192895209317,3.4302214322562423
-0.0059676490307999245,-1.8685717300839237,-0.6336840544414845
-1.5841289284205178,2.243511570451928,1.6326472209821916
0.053784940621672175,3.5083835545480597,3.206063187677531
-0.032327313795983734,-0.43286010514012097,-1.0615815211611626
3.1561808335959656,2.575089677257452,2.6026007322080904
-1.4609858187389315,0.15886103115749864,0.9034170102322574
-0.2581179957482694,0.7782862940079669,-0.7613713662812307
3.783847986023217,-2.08292403376753,0.46256674524430563
-2.390586888560673,2.060418396796836,2.484252231946697
-1.6183951427494971,0.5924969814920227,5.039716582188865
-0.48662082794136524,1.8063982166007728,1.4320999589480863
-0.6413852618294784,-2.968683010625596,-1.7594417732935181
1.479159196515034,2.9738313405097894,0.9818535337964225
-1.1142296403022245,0.012530205573685449,-0.200776196043877
-0.5910153043558738,1.87811856738113,-5.20345618436738
-2.8326283738406524,-4.426055156001071,-0.006890525970450203
1.5178577246752913,-5.055294007485927,-1.4403552377544688
5.257102903597321,-0.9746959495658217,-0.10368690023442453
-7.043391106327593,-3.146732048079122,-3.67398928538223
-2.9466172094961927,0.7726231396767913,0.9880475406933804
-3.4403120912887712,-2.2190696428650543,-2.120627329214526
-3.875629260385887,0.4144575404315794,1.0066746843343566
3.0170718676468216,-1.1207553420987062,-0.5988597606328642
2.3725202211945695,3.617213213864421,-1.995968295764384
0.8520693444885402,3.6807396751628514,-0.045845416599097966
0.7276414582497118,2.6809679923205745,-2.0757207074977853
1.9354809099137014,1.3436119059496998,1.7357410781219644
-1.4337302783399417,4.640107525959237,-3.891419777550374
1.7245892039025768,-2.244360583014137,-1.6993264832131594
5.308108961679748,-0.12811816495253509,-2.315772843003215
0.44131473116612796,0.41482300618056,3.641065246588747
1.2631474922148467,1.318031116714087,-0.1503354842231928
-2.240845079673876,-2.5194457336485696,3.1162542971962224
-0.2821137380390733,-3.1022413962780933,-0.4189165431139695
-3.704013782691361,3.498064749300571,4.920232262130174
3.736847744285285,-2.21067332738783,-1.3142825959571864
2.6249839597438824,4.845410585724208,2.1540047398413535
-3.7964390679862037,1.8937653845679756,-0.15571489189239168
-3.0661752238171185,-0.6074919015516683,-0.39632480673977555
5.297681793403275,0.17761063828478682,1.0321235172263454
-3.250705775347597,-0.6658250053704102,-3.9648123874058365
-4.593627334827502,0.42915415677275814,1.768467288852779
-1.6624499393268954,1.3554856935282311,-1.318724825027022
1.2470942302290584,-2.430457210960158,-1.5239249659129688
2.387602725304281,-3.9960084383093046,0.9929714093636095
-0.03775972472114124,3.9936406193925156,1.2090920077651641
-6.6363075783696335,-1.1515947700156748,0.7992879480249422
1.4176463354680233,-1.7016907399677188,-2.5528809780887682
-3.626317019049089,1.0495682257069412,-0.9107868183134733
-2.447758436924134,-1.6866682429560136,0.929369238241954
0.8908712924992034,1.0074603508499826,-0.32830610809481375
-2.794371134820485,3.1332082742866314,5.3821673721569505
-2.197352406796101,0.776707353663885,-1.395718205702158
0.6660161404349877,2.7791201323571366,5.554107468602551
1.3456252150284387,2.3571315415673526,0.04198645918964106
-0.5534727425115001,-2.1444945714718266,-1.2657716859139803
-1.1872690554677672,0.0505213265065895,-1.7209120908492064
0.20187813363878648,-1.7562602196880914,-5.005077169070698
0.06859612821963344,-0.39765571344504524,-1.843840119853476
7.480805426009742,-4.426921870016995,2.1721384208420864
0.6865981665585573,-4.5525554255655605,-2.9542438178737207
2.783181539446976,-2.784793749125939,0.07521720936376924
0.09100422875792978,1.7146982610366235,3.1545551487633676
-0.9544002885820907,-1.1168116454287669,-2.510766800636491
-0.912593103377704,-4.4414904136044155,-5.595322314737419
-0.9278082254707979,-3.224224937126763,-5.294501238418838
-3.837121236623931,3.8644050885335797,4.58934420983893
-2.1304112341339914,2.5002581259736116,2.8606872810018666
-2.4659173173403253,-0.39191551322199825,-1.8008682917748977
4.222560665441979,-0.8860319747221556,3.7301764038203897
2.975675325229612,-1.4913141215447236,3.9979743525400515
-6.879869808104763,-2.038384005804098,-4.061952495093962
1.4163816575095478,4.629461901576154,2.034056452403261
0.09031242419159438,1.5392800613386406,-0.05401176889224837
1.3509837279548695,3.2092187479632703,1.256176306679471
-1.9672034582973643,2.731117094659124,-2.7300574444364725
0.050326614553387786,5.475540292256346,-1.4436276049600902
2.435019768554556,-0.45700056138839756,1.212499565479441
5.204740515451754,0.09980236681175306,0.9029365668149631
-1.5723393811445419,1.5371094611380234,0.9662065319005213
0.6418205867294952,-4.082422958458169,-3.2665590516186525
0.7381498573655412,1.5795313349655487,4.146209162610352
2.65326533596305,-2.9869601202764726,1.9580163186732271
-2.0801202835414396,-0.7355016399811372,-0.6899095600305701
-0.5879676634886063,-1.1216675597542567,3.2004724660174366
0.7461952212031836,3.1008283479302996,2.5144462057410304
-3.304308301719652,-2.5493791274312403,1.3241591551815564
-1.6749910501746152,-4.124672826487452,-1.7559779274814726
-3.741156132286666,-3.9471119846838443,-2.1736100894039336
-3.1298023318075963,2.706261242127582,1.2015155882359032
3.328611080836204,-3.677823522526853,3.3285813400768327
-4.021569599100111,-2.625371761361037,-0.5847483561343308
1.5336926740137171,-0.8978780522806971,4.7648012140423734
-4.2291951002609425,1.281992890976455,1.6626815031267053
0.9936270970972519,0.08797031160484622,-2.0193262408213375
-0.547721701267855,0.14498533882751882,0.11149903064285754
3.9446648723862823,-0.2826600172066935,1.1036518669298396
-0.8407564350407967,6.597166039493321,-3.5235978458231263
-2.3466333120608676,0.2521591488338345,0.08021392646910674
-1.0623396644646026,2.161917546413954,3.8104496252458993
1.4406003944746972,2.600928012108574,-0.986692431651871
-0.8669001926135903,0.2943818546970694,-2.46605878024031
5.65302702079633,-2.4719636733956176,1.4285585616288994
-4.718068729501992,0.9456186014066353,0.3677737580287911
1.2591017676028053,0.6643023227747951,-3.432281824085346
1.0998558658745479,-3.0521968045142,-1.2167318435109886
-0.17651000278322715,-1.0077322832981583,-2.4203043950990457
1.3258018493770898,1.2464924326905544,-0.8317666429215393
-0.7684025274597673,1.17993064235262,-2.798216112086233
-1.8995144362178797,-1.2924225771738231,-3.8968432609065764
-0.5729802754226041,-0.5343892123677498,-3.376927180610953
5.475220207779462,-0.4090168187012814,-0.0978824836887213
1.2163386188365806,-5.669660859567592,-2.0692064068126608
-0.28076999628351584,4.2394576480524755,3.5684595292183925
-3.6725438428978743,4.1518882221388544,2.4480238047093246
-0.005504511055084192,-0.5976520179201803,-0.7770276524026352
0.8580000295652463,2.6807225910174584,-0.46774970299318314
1.9716349985952253,5.153032062699696,1.6037521784728166
3.4214832321162527,3.5539232674166805,2.031024769738738
4.94975736726668,-2.8731650521083782,1.6864144320496763
-1.391738132022399,-0.48714475602011786,2.1903380500768073
-2.888835449755697,-0.417074504517462,2.161186280372821
-1.877340804852198,5.72444095569715,3.314277504506138
-1.8501993858586625,-6.736245149648979,0.4994214367117271
3.1427499614606327,-5.571596983617722,-2.1397487584133814
1.5872123358965364,-3.3391251660545263,-2.882653890208892
2.222837233633087,-6.89396135246215,-1.8276056697641259
0.3949394786047689,0.6225737421962982,1.9681133943429199
-1.7804908634312986,2.9680776060142615,-2.425858023646776
2.0168280960889997,1.4924632623772305,2.0533435464838052
0.20998003060453024,6.172917229332028,1.1687260951400915
2.2405925949339167,-2.5526686196551807,1.2229512018451332
-1.8474200645562526,1.5401889461591043,-4.053400584030493
8.054274545050923,-2.9867283860824516,1.878146328155987
5.716833522770825,-3.8315488522362755,-1.6736283498290716
-0.06907087029223756,-2.1176393264397047,-1.2517046118287387
1.974788437137681,-2.999030604352485,1.087167766829809
-5.235375685514581,-3.320622607871879,-5.394132029746513
-2.361327725489515,2.3271504902182585,-0.05429504212167971
-2.7011076803007583,-0.9928471549117937,-2.358990228563847
-2.3347331591914697,-1.7729537734790783,-3.3921646135389127
-1.9274702402808892,-1.0200214728894414,-2.416652747989642
3.6407297556206877,2.554866683808525,5.737108700416821
2.1152066231388256,-5.903209997413635,-0.8434770118666808
2.2933603632396347,2.327635875468367,1.4387264267541977
2.933012444338761,0.46048032338545436,0.7292479920000763
0.14694664399870822,3.7194129065784107,-5.781494054667137
-2.728899825971964,3.093829207146103,0.43309903393733984
3.8335785564493294,0.32747356912322306,0.7460578752978297
5.28385047735075,0.5047934408720269,-0.8920458546924988
0.19341840146373213,-2.7836925680761024,-3.8026417569456212
2.2262993172738605,-1.621960470973209,2.3762328780071376
-0.9068352642758218,0.9545090722340678,0.7586315623370141
-4.436431402596902,5.240122930930348,2.5132103679282385
-5.007087931692146,-2.571721361475289,-4.535947170584408
4.659819215305871,-0.08552095613172751,-0.7545645076252342
-1.2100116391703473,4.8594704905820985,1.2814989340998468
-1.8592242349279486,3.9107314952650554,1.213533869408897
-2.956561883288932,3.9326981071160128,-3.406390946042799
-2.7476663585073346,3.593266530693879,-0.5398406420274766
-1.437165368219756,0.18319649096487353,-0.2860376690261452
-0.4595338896769246,-2.077953290485606,0.7806861263270997
-6.30318097528707,-0.9334165701849884,-0.6009577024088032
4.1356978926086825,-4.036318913667073,0.38096901504885716
-2.5138915324566535,0.03152766235032864,0.13682048886787035
-2.4433398357580236,1.7942739610419045,-0.31550448862780106
-0.01418116177720373,0.5551111225200785,-2.282736658473913
-3.962157572599446,2.4437682165740973,2.335100405581013
-2.2587408799271294,-0.7352234760950547,-4.240166586538117
5.01765590387966,-0.8391960075357671,2.365929086150301
-0.19061933946847476,-4.294502250622684,-0.7268008729560412
3.948464105507578,-1.9954438013525193,0.4860042166004379
-2.779891880206117,3.3854989396483957,2.0556376361135276
0.4434100184882507,0.1108042495243691,-3.8979439009454464
-4.8124234274466975,-1.5401063695244295,-2.4024805132989338
1.8145881545851819,0.7383477423659741,0.5259303499359405
3.745366109344133,-0.7311212362522439,2.9085055294400317
-1.3436148667514662,2.9740170662003194,2.4964981166844855
-0.8639795781070855,5.663161366750695,1.6383385200372456
2.136819889638693,0.8424524964460293,0.8310460367352499
-0.01745451602645008,0.2016841580322927,-2.879696930849554
-4.362417179630238,-1.5639828841415855,-0.9735537345929286
-4.908358873154821,-1.7972677956612273,-2.0867471117067358
2.6674410512649396,-3.2500048920565123,2.197592511015041
-1.1856621564800667,0.628517976395498,-1.7266577991189798
-0.6049918997075093,1.316396844608165,-0.34866643548029824
0.8715310049662479,5.119004125335069,1.1025423918799933
2.0737726916316452,1.6012162054181984,1.841690483896194
-2.836436321978683,0.7883786508108098,-1.0378031942095483
-0.7560821256125959,-0.7584146750364038,-0.23218689949850727
2.580400672342034,-1.1665431508786879,-1.607871127792119
3.3547983488399593,-1.3880715836140898,-0.5099423305460711
6.8567500922919455,-2.02523968119125,1.6628866682247574
0.773781965404996,-1.5355996633424256,2.1944307197045574
0.6414459755144911,0.021677195517511405,-1.4000390891522994
4.0980643501652265,-7.686276689223581,1.011493775631715
0.6241214101464337,1.1083863228551132,3.757213568499246
-2.167505704727158,-4.448951608055236,-1.294345467717002
0.10034720004083468,-1.0465591803289422,0.27350605381820303
0.3226034694994819,1.154077793702629,2.98084147191579
-0.24371602313280466,-0.19750076532781005,0.20316332787590852
1.2800280696147688,0.2659188280627621,0.7752565932845357
-3.14457669751475,1.6030940416641442,0.5350829321988889
0.054534142306743125,0.02393780218592012,1.9615664331025822
3.3183766228316864,0.241728610362851,-2.22561097121487
-0.6056268892440778,0.9993807364260906,-1.2497910522894409
1.891956726073381,-4.394446858218155,-2.15433398364117
-3.097272618084512,1.4189688571775454,4.640664287826409
1.1876692332075613,-4.744332430398726,-2.304281463810141
-1.7473977677258556,-1.2658902938392051,2.4942760758849993
1.8911376364391395,1.4647986488489269,2.226976458916993
-3.093043926104198,-5.770649680370426,-1.1969503354825464
3.762835835130247,4.715498419490174,1.6975291191273847
2.535558747384812,-4.076091153158651,-0.48765036450632615
-1.644173070326471,-2.800885023743113,-1.6503292688595146
-5.935281079696269,2.1345488893375353,-0.5723934899909545
-1.126720905777806,-0.5372056435506258,3.804300802153268
2.108890714461004,-1.3248933023261262,-2.8188975466085684
3.475910096080119,-3.0495352489106478,-1.479568298468565
2.6521624823501226,-2.1674706783244098,-1.368993271328638
-2.485124012879442,1.196891481626174,2.18802825656956
-4.132169206879481,-2.8396601634314385,-2.7783808978044924
2.032792320364113,3.1870721324733684,-5.38899534294063
-4.934717064028936,-1.552596396064984,-0.13871749521747417
-5.923418704268236,-5.277373433938521,-2.27417038429219
-2.9732271341543375,2.362370751179278,4.039907358711581
-2.4231511012331146,-2.089445212707077,-0.9487532987729761
0.31635506115013734,4.188115628979819,-0.026462612877669878
2.0812135107782788,-2.7482021037552506,0.26442144225095254
1.2492446343603694,3.4762622516701724,-0.9029510911525132
-0.9125304211173489,1.6383146011007965,2.7009000620698793
-1.6775598912515728,6.353186275273914,-0.6557249098942008
2.8017508623857212,0.8073946029150775,1.6459344094842316
-1.5003803542278946,1.5139274738217976,3.805245677491108
0.16650001201309322,3.2551346154562673,-2.0887100178838165
0.28846048601354224,0.16525269662630124,-2.0585335583968356
3.931192234013663,-3.4412222171080624,0.9845781426211417
0.41191281698811966,2.6194206015878456,0.9000973750394019
-5.2650215266523706,-1.2070683870474637,-3.4760769590285516
0.8065905913190339,-6.017321935583924,-3.103365143510983
0.6268551607440636,0.49733506661904586,2.52260103569495
-3.924073050916902,3.5403501905801154,0.6204267610100918
-1.5410351778927325,-0.500886530119696,3.341188644420129
-0.22982794435288673,-1.0188837373817876,0.31419911293930447
-0.316229849087359,1.6194582570087,2.2105709468397308
-1.1314553366746967,-1.6270671893623168,0.8800685574329805
1.9944800776166942,-0.37616364719930595,0.27911447319986626
-3.2171028586943793,-4.953839313097422,-3.8471025138361687
-1.922114452422569,0.7384565883209429,-0.4064691071382713
0.3330323419345187,-1.7411150827988089,0.09563111901936577
4.2919803716398,-4.670940579079261,-0.9380558849306502
5.492589908753509,-2.03965958297525,0.2614744209362483
-2.653806753436843,0.42127943397910594,1.737692151853283
2.297966032111728,-0.6141128633341607,-4.172010457302299
0.14633060956035465,2.696797636771593,-3.118157299734872
-2.5746409725408492,-2.1484878917515404,-3.155868318773087
1.2527714277677522,0.48854015367744824,0.7933102238874996
-0.17429677201076718,5.405284778197185,3.8242776776484795
-1.0500522671116772,-2.3694222070741566,-2.4713240417964446
-5.035948108685175,-3.498935723591046,-2.2035093731019963
2.134803038799627,2.0315133873365627,1.8681340770645765
-0.5308067828800885,4.116201843970966,4.42489758440373
1.0338424615038047,1.6545935639866658,1.6387569853176733
-1.1461637046688118,-0.10042807210209637,-6.386485014456545
2.418511045614854,1.355722026563376,-1.7012551726783924
-3.250159950380765,2.4838211590102652,0.5585662582134818
-1.4034505845530847,-1.2290432562634728,-2.5152839269616947
-0.9406982448235269,-0.14619173088769574,-2.5166375261392453
-1.7080402344992032,5.721402664585412,0.7580221996364838
-1.453304813635875,2.604379913905108,-3.546825504762036
-2.9195173917350634,0.6978194642561926,1.1386072573173043
-3.683246588385679,-1.265759671040266,0.8683827767092442
-1.0919341275414018,-4.526224436710794,0.7231521824415221
1.2538718027120153,0.32100908989435856,3.4968269669484404
2.977053155082759,-2.4236246637936367,1.073626717028981
4.399293020375102,-3.992181062777935,-1.3278599508027966
-2.3054357029258337,-3.8141334103488793,1.3901872526309744
-3.082421947090865,2.4665287806896634,1.3152365594013566
-3.26722179179023,1.7814062380283955,0.6498242510105868
-3.0416074656186307,3.667027868311096,1.693916952245489
2.100626063076974,-3.9190424001092032,-2.5054132361058703
-1.4288389300510296,-0.010112125235186805,5.632084654493759
-4.171044701909637,0.8158697079174326,1.6561401330700034
-0.7506889997424052,4.573446741199467,0.7076104491722843
-1.7430507686610601,-4.108386714249442,-5.0855324286003665
4.119302201388517,-1.8172591517497763,-1.6228505288855712
-2.898398297914416,-4.481200868384119,-2.5976291424973614
0.7780300147917311,2.685544694667632,4.856827755349134
-4.994882148786627,-0.12965458818249412,-1.6512538887051362
-2.6218451998570815,0.4612709749540076,1.634535194804012
1.7792924379989556,0.05410701460791542,0.7000892544738431
3.132561945372348,1.8686154104494717,-2.3317298946896887
-3.540150026983392,-1.7302355750301297,1.0046009445218813
2.0286546423161265,-2.0795428403415674,0.509495726243884
1.824577960491217,-1.9292868430369814,-0.7333247462871642
0.1683879534969533,3.6378644377961113,-3.7005100263887125
5.140452775889232,-0.5105238929525121,1.136432693333023
-0.4144201251486895,-1.236693566365421,3.7326379824869607
3.472841356004833,-3.68046356283257,1.4876449185863363
-1.065579888261262,-1.2717374713182938,1.2768961155926855
4.618351476616795,3.1815487648020295,4.902624401312686
2.325058942397175,1.847329501428525,-1.638411512339253
-1.221917871177878,-1.2644737427424868,0.325719285332729
-1.3859971104447208,3.706938017323083,-0.22566252357559444
-0.3189679255658257,2.584575125479886,0.4831873120637219
4.719968884064073,1.993224710916999,-2.6099037340948144
5.1258724647471325,-1.1870859801082065,-0.3548881091195895
-0.21462091144139817,0.10131581050892183,3.6180323223456137
0.877754489214167,5.810887478229137,3.743490301266519
0.920929047465051,0.31315210353000483,-0.4886491587421998
1.9258868125692559,2.6164688432571674,4.247245218028953
0.3892677595597833,-1.5396715549621565,-2.4622235551338347
-1.8401590322094135,2.0820693374971624,1.4256497482880577
-4.394088715453339,3.409508447434098,0.3386797535534748
-5.551359460483446,0.38483018825799925,-3.8484376880476066
4.381995056014206,0.3261287808098054,0.8505406413183199
-4.690215296169932,-1.3580357902818703,-3.6086392838223773
0.5885015991677547,-4.024492076575651,-3.2165745056095094
3.022181252347243,-1.1811689534678682,1.506329493789888
-1.198632438479846,0.229537910683441,-2.0376869655087195
3.952980066294314,-1.4222122376637016,-0.08223336101586828
1.7908159112023272,-2.7425201902063345,-1.6907602787324651
0.8784368607109518,0.25090524020667393,0.12481152939566736
0.6247522154677531,0.025949472736970736,-2.7717955592321935
0.8429299911935332,-1.4962353445672854,-1.4163622344000484
3.5393668672965597,-3.40064051336378,3.4013196005228314
2.187469543490807,-2.2937242709831067,1.0414179302492788
-2.369238821534972,1.1960862436403354,2.6387961405431377
0.342384869455364,1.4441341602807491,-1.7128466189112175
0.4193883979203395,2.215049203266688,-3.9292741983858788
-2.886198901700377,-0.18633935911061725,2.5410571089060614
-0.8509843164532064,5.008993225020435,-1.8960169566543705
0.9360875298981887,-3.3897341300132697,-4.898465655548152
1.2940508565130788,-2.132227070920969,2.7119681786257255
0.4447735396749489,1.8599041868281179,-2.0212103283154264
1.673374395677581,-2.8989764703521703,2.0623910714106675
5.913344141425915,0.28293553095687846,-0.9242300984098868
1.1424927061612558,-3.529666283013011,-1.2568561235815507
-4.499772791174658,2.118154338713617,0.8255875912898913
-0.6087586598384729,1.3024756476766326,0.3824719660525857
0.7965828379942314,0.39788116640683574,2.9642498950405884
-1.646919673155234,1.1710906765688416,1.989753791482928
2.8447905402394307,-8.94872308545907,-2.3922725902197355
3.597824922193498,-3.1447342086430994,-0.758340076284723
-3.292295831012352,0.9444823796893552,0.11673122786067858
2.2882704013676034,2.9383292316771183,-1.583823196134293
2.78511382662865,-2.168134159316927,0.49978209206567703
4.60922141177444,-1.1705759044080928,2.111661248059997
-3.323525303864058,3.537701128427498,3.9816958479662503
0.22907579156475205,4.519838681066478,-1.9193171162977922
-2.6426080547373108,-5.391206794409526,-0.2611887773872333
0.44445092999998975,-2.832570705848807,-2.6262185679426873
-4.822308502913517,-1.374071454906108,1.9398522033053576
-5.481331214591747,-0.6991965093663259,2.1494324982840123
-0.14813090284148153,2.9444197328468285,2.2654192892802754
4.9181519537257845,-3.0377375515075093,2.6695390137503345
-3.1133935510317996,-0.4652342453335443,-4.325367938558289
-4.089963035106191,-5.4520517764007375,-1.1746083334808501
-1.2598845316965026,0.44411220776860766,2.2343211526050593
-2.15742441228162,-1.2692232827198298,-1.7156980324641204
-0.7815827512723889,0.9566478648174429,-0.2564826479142897
-1.287427231270721,-0.7892824312827715,1.047198973742746
-1.9349150361958396,2.876123129817308,-0.06055411494206411
5.140199457424024,-3.447658804838724,3.671931635695895
2.482697936085262,0.2953097187462684,-0.8655760126777587
4.498010393276802,-0.12624793066994372,-1.3789579352130754
-0.10774732036310017,5.990156714836774,0.7546113562382237
5.367588203577512,-5.031416126008095,0.14884468170379567
-1.947185567504513,0.6413255529027069,1.5855545908312672
0.24162215589223304,-5.791288540665392,0.6671267373180175
-1.3053866588332987,-0.8791970555719805,-3.476983368389864
8.098126033296918,-2.3964330702315997,0.7763775284530949
-2.1723692688808094,1.090460159944466,-3.1329813627562424
0.35769871847731555,0.9372221932312662,-4.287251977736713
-1.4628576510917493,0.2523971841707299,0.49730353710925157
-1.9388964759927394,4.350793348023622,2.5296228769623736
0.8425986923469424,-1.0171210760929468,-2.638885594679481
-0.5809399825491769,-0.5255357064085688,-0.45513200966009404
-2.6058005854049724,-0.6617974356124323,-0.06047694045144905
1.6878156533837363,-3.57304920719463,-0.1694690980731664
0.009276594068533886,-3.461327887770727,-2.6397000853882977
-0.8752784798877836,0.6979729082116476,-1.285741721497999
4.753190268819869,-2.692393162146176,2.2564810064796164
-4.676557979955404,0.6203866328097155,-1.183454049753491
-0.7569802540583123,2.2219039789257526,1.5873233026924858
1.6609091499369018,2.518316968559476,-1.1336597630623004
-3.0277518745852663,-1.4684507307113235,4.041905194972478
1.7612770070906976,-2.091219594168894,-1.9612298922675302
-2.0147723595127984,3.146781533952294,2.421056788849268
0.959195673690013,-2.0873148895705236,0.7036952952044853
-3.524080641935264,-0.984197833010104,-0.009540435029688822
6.068873160041666,-0.21111129924874164,2.5741308668208798
1.674006625642302,2.0606232930384785,3.4172275566114063
-2.830247309469668,3.254432090945991,-1.09409507776648
-1.0053762828010318,-2.2233755610347057,0.730535772880595
-0.08281817041748467,3.881137082784021,-2.834403895703744
1.939967263025046,-2.313706310390326,-0.5734428588985198
-0.022789126696316817,0.9550400247583904,1.8009168841558623
-2.460532791511331,0.014138129980131586,0.6036615729621907
-1.6150788780393641,2.2838009107882047,-3.267768022764381
1.3092313441413146,-3.6589261743077586,0.01704150450322428
-1.3576680595758268,1.1323965292798108,-0.613330373826502
-2.174492812042614,4.710377588371934,1.7105224639035197
1.9125563093860818,2.617160559669425,6.213057075150748
2.6741769167765734,3.6991663016293477,1.6190840303829648
-1.168568773196838,-0.7474206603361013,1.2011641335574559
-2.267492339817842,1.9751401267448092,-3.1138681648762954
-1.738743685300148,-1.1713076556339492,-1.4784822205939583
1.0321509181866548,1.748152742065844,-1.525504438167203
2.9778321575275575,-0.317173883308974,1.4822194557117312
-4.784527936072078,-0.6834574023735801,1.0658851727278498
0.19308790507104184,4.601288890411487,0.7715061308060494
-0.5893953879066968,-2.8187938888281456,-2.185146293399699
-1.687836754560741,-1.2670974033266955,-0.30191808609969034
0.9506396425648963,1.7298737383602985,3.765674660469158
-1.2568547327705422,-2.6186011033723595,-2.6817264228619977
3.205093829995456,3.956344642677791,3.3924724616981266
1.5313662979766227,1.1089604868415561,2.5502482004695204
-3.8733790451592496,-1.3446681263253257,0.7498542134262247
-0.009011386026089904,-0.301101590443706,1.291063324884468
-0.1091052140901596,-1.0739300829080414,-1.569209172505908
-0.3659211281177631,6.34800237635717,2.2958214698084913
0.6809412453856049,1.143417375379838,-2.6350129327328293
-2.609965924074834,-0.5782057556695908,2.3276671659939
-0.831090992222206,-4.3375149904903925,1.425144113195829
-1.352713277779088,-3.259816253966203,-3.39437761860497
-0.8575177823246333,0.947594177809208,-0.15032339472854647
2.218048531489916,2.092747326924115,0.7155737419698058
-0.824303789053963,0.11617076610503527,3.6099420264576323
4.392529911092753,-2.501703343572693,-2.3124508397314325
2.5835072860072494,-0.951709030133682,2.118142908057906
-1.3832706572952695,-0.4790935386724904,-1.6820390042270086
-5.288190857097076,-3.670382099270408,-3.1902325199213517
-2.594853553644062,3.4372403414280215,-0.9394404541810774
2.6599929209834032,-0.4581015701497437,1.9576234549749807
5.716501125680202,-0.39332239469364366,0.14648755528721574
1.7212196973196205,3.3873659797382225,2.6394873388702838
-1.0145328530175355,-0.6344178360111953,-1.408043178608198
5.496357533739423,-4.5581413400949184,2.379739373328726
0.3969989151747679,3.992706777172623,0.8139496617389612
-0.4596367347471025,-3.3515445605160026,-0.8648910292671914
0.3084608032137719,-0.8112069801187798,-0.5517258434557714
-1.5508559175147443,0.4706898769821393,0.0693942374109805
3.1004639133416076,-3.552559856334649,-0.4423006615791571
-1.2234133526227147,-3.0999179787594278,1.0695327278203275
-0.012023619778688474,-0.6117216508756922,-4.0451509633364715
0.7197741531522289,0.34060051031580896,4.615062424699619
-1.650194057130102,-2.0441833545263948,-4.00982080606712
-3.1150890159115083,-1.5708808699495342,-0.07196128500370488
-0.7610138591593193,-0.23526077360387668,-0.26850644241907523
-4.0275265304018975,0.48052459856014457,-0.336549501981703
0.8242172792243362,0.5468976047692151,2.1974644681640516
-5.230719757599797,-3.422627008526703,-3.477467839752895
2.145111576527694,0.7026426260423294,0.9367893224707682
2.5748862846996974,1.7716215848197736,-1.8064703062137653
3.915620226085129,3.373260078412845,3.1183807417159985
0.3383466221612466,1.1966547389176239,2.965366508477659
0.016812787522438546,0.5874785666033562,-0.07396268911506712
3.727534116806563,-2.0413704299957884,0.6785653085952524
0.19653349995591518,-0.2841505271704804,-2.7592968968938463
-1.2861963531293956,-1.9224467112972716,-2.2918275010901286
-3.243493827582284,-0.6345104823047506,-3.9621482104050187
-1.342953522965564,-0.16460446726629308,-5.228703401545728
-2.8094900606196496,2.1427649730574023,2.6042966545550335
-3.075246684319121,-2.5203683378864854,-6.625351391789577
